Country,year,Methane,Nitrous oxide
World,1,647.6,264.2
World,2,647.1,264.1
World,3,646.5,264.1
World,4,646,264
World,5,645.5,264
World,6,645,263.9
World,7,644.5,263.8
World,8,644,263.8
World,9,643.4,263.7
World,10,642.9,263.7
World,11,642.4,263.6
World,12,641.9,263.6
World,13,641.4,263.5
World,14,641,263.5
World,15,640.5,263.4
World,16,640,263.4
World,17,639.5,263.4
World,18,639,263.3
World,19,638.6,263.3
World,20,638.1,263.2
World,21,637.7,263.2
World,22,637.2,263.2
World,23,636.8,263.2
World,24,636.4,263.1
World,25,636,263.1
World,26,635.6,263.1
World,27,635.2,263.1
World,28,634.8,263.1
World,29,634.4,263.1
World,30,634.1,263.1
World,31,633.7,263.1
World,32,633.4,263.1
World,33,633.1,263.1
World,34,632.8,263.2
World,35,632.5,263.2
World,36,632.2,263.2
World,37,631.9,263.2
World,38,631.6,263.3
World,39,631.4,263.3
World,40,631.1,263.3
World,41,630.9,263.4
World,42,630.7,263.4
World,43,630.5,263.5
World,44,630.2,263.5
World,45,630,263.6
World,46,629.9,263.6
World,47,629.7,263.7
World,48,629.5,263.7
World,49,629.4,263.8
World,50,629.2,263.8
World,51,629.1,263.9
World,52,628.9,264
World,53,628.8,264
World,54,628.7,264.1
World,55,628.6,264.1
World,56,628.5,264.2
World,57,628.4,264.3
World,58,628.3,264.3
World,59,628.2,264.4
World,60,628.2,264.4
World,61,628.1,264.5
World,62,628.1,264.5
World,63,628,264.6
World,64,628,264.7
World,65,627.9,264.7
World,66,627.9,264.8
World,67,627.9,264.8
World,68,627.9,264.9
World,69,627.9,264.9
World,70,627.9,265
World,71,627.9,265
World,72,627.9,265.1
World,73,627.9,265.1
World,74,628,265.2
World,75,628,265.2
World,76,628,265.3
World,77,628.1,265.3
World,78,628.1,265.4
World,79,628.2,265.4
World,80,628.3,265.5
World,81,628.4,265.5
World,82,628.4,265.6
World,83,628.5,265.6
World,84,628.6,265.6
World,85,628.7,265.7
World,86,628.8,265.7
World,87,628.9,265.8
World,88,629.1,265.8
World,89,629.2,265.8
World,90,629.3,265.9
World,91,629.4,265.9
World,92,629.6,265.9
World,93,629.7,266
World,94,629.9,266
World,95,630,266
World,96,630.2,266.1
World,97,630.4,266.1
World,98,630.5,266.1
World,99,630.7,266.2
World,100,630.9,266.2
World,101,631.1,266.2
World,102,631.3,266.2
World,103,631.5,266.3
World,104,631.7,266.3
World,105,631.9,266.3
World,106,632.1,266.3
World,107,632.3,266.3
World,108,632.6,266.3
World,109,632.8,266.4
World,110,633,266.4
World,111,633.2,266.4
World,112,633.5,266.4
World,113,633.7,266.4
World,114,634,266.4
World,115,634.2,266.4
World,116,634.4,266.4
World,117,634.7,266.4
World,118,634.9,266.4
World,119,635.1,266.4
World,120,635.4,266.4
World,121,635.6,266.4
World,122,635.9,266.4
World,123,636.1,266.4
World,124,636.3,266.4
World,125,636.5,266.4
World,126,636.8,266.3
World,127,637,266.3
World,128,637.2,266.3
World,129,637.4,266.3
World,130,637.6,266.3
World,131,637.8,266.2
World,132,638,266.2
World,133,638.1,266.2
World,134,638.3,266.2
World,135,638.5,266.1
World,136,638.6,266.1
World,137,638.8,266.1
World,138,638.9,266
World,139,639.1,266
World,140,639.2,265.9
World,141,639.3,265.9
World,142,639.4,265.9
World,143,639.5,265.8
World,144,639.6,265.8
World,145,639.7,265.7
World,146,639.7,265.7
World,147,639.8,265.6
World,148,639.9,265.6
World,149,639.9,265.6
World,150,640,265.5
World,151,640.1,265.5
World,152,640.1,265.4
World,153,640.2,265.4
World,154,640.2,265.4
World,155,640.2,265.3
World,156,640.3,265.3
World,157,640.3,265.3
World,158,640.4,265.2
World,159,640.4,265.2
World,160,640.5,265.2
World,161,640.5,265.2
World,162,640.5,265.1
World,163,640.6,265.1
World,164,640.6,265.1
World,165,640.7,265.1
World,166,640.7,265.1
World,167,640.8,265.1
World,168,640.8,265.1
World,169,640.9,265.1
World,170,641,265.1
World,171,641,265.1
World,172,641.1,265.2
World,173,641.2,265.2
World,174,641.3,265.2
World,175,641.4,265.3
World,176,641.4,265.3
World,177,641.5,265.3
World,178,641.6,265.4
World,179,641.7,265.4
World,180,641.7,265.5
World,181,641.8,265.5
World,182,641.9,265.6
World,183,641.9,265.6
World,184,642,265.7
World,185,642,265.8
World,186,642.1,265.8
World,187,642.1,265.9
World,188,642.1,266
World,189,642.1,266
World,190,642.1,266.1
World,191,642.1,266.2
World,192,642.1,266.3
World,193,642.1,266.3
World,194,642,266.4
World,195,642,266.5
World,196,641.9,266.6
World,197,641.8,266.6
World,198,641.7,266.7
World,199,641.6,266.8
World,200,641.4,266.9
World,201,641.3,266.9
World,202,641.1,267
World,203,640.9,267.1
World,204,640.6,267.2
World,205,640.4,267.2
World,206,640.1,267.3
World,207,639.9,267.4
World,208,639.6,267.4
World,209,639.2,267.5
World,210,638.9,267.6
World,211,638.6,267.6
World,212,638.2,267.7
World,213,637.9,267.8
World,214,637.5,267.8
World,215,637.1,267.9
World,216,636.8,267.9
World,217,636.4,268
World,218,636,268
World,219,635.6,268.1
World,220,635.2,268.1
World,221,634.8,268.2
World,222,634.4,268.2
World,223,634.1,268.2
World,224,633.7,268.2
World,225,633.3,268.3
World,226,633,268.3
World,227,632.6,268.3
World,228,632.3,268.3
World,229,632,268.3
World,230,631.7,268.3
World,231,631.4,268.3
World,232,631.1,268.3
World,233,630.9,268.3
World,234,630.6,268.3
World,235,630.4,268.2
World,236,630.2,268.2
World,237,629.9,268.2
World,238,629.7,268.1
World,239,629.6,268.1
World,240,629.4,268.1
World,241,629.2,268
World,242,629.1,268
World,243,628.9,267.9
World,244,628.8,267.9
World,245,628.6,267.8
World,246,628.5,267.7
World,247,628.4,267.7
World,248,628.3,267.6
World,249,628.2,267.5
World,250,628.1,267.5
World,251,628,267.4
World,252,627.9,267.3
World,253,627.9,267.2
World,254,627.8,267.1
World,255,627.7,267.1
World,256,627.7,267
World,257,627.6,266.9
World,258,627.6,266.8
World,259,627.5,266.7
World,260,627.5,266.6
World,261,627.4,266.5
World,262,627.4,266.4
World,263,627.3,266.3
World,264,627.3,266.2
World,265,627.3,266.1
World,266,627.2,266
World,267,627.2,265.9
World,268,627.2,265.8
World,269,627.1,265.7
World,270,627.1,265.6
World,271,627.1,265.5
World,272,627,265.4
World,273,627,265.3
World,274,626.9,265.1
World,275,626.9,265
World,276,626.9,264.9
World,277,626.8,264.8
World,278,626.8,264.7
World,279,626.7,264.6
World,280,626.6,264.5
World,281,626.6,264.4
World,282,626.5,264.3
World,283,626.4,264.2
World,284,626.4,264.1
World,285,626.3,263.9
World,286,626.2,263.8
World,287,626.1,263.7
World,288,626,263.6
World,289,625.9,263.5
World,290,625.8,263.4
World,291,625.7,263.3
World,292,625.6,263.2
World,293,625.5,263.1
World,294,625.4,263
World,295,625.3,262.9
World,296,625.2,262.8
World,297,625,262.8
World,298,624.9,262.7
World,299,624.8,262.6
World,300,624.6,262.5
World,301,624.5,262.4
World,302,624.3,262.3
World,303,624.1,262.2
World,304,624,262.2
World,305,623.8,262.1
World,306,623.6,262
World,307,623.4,262
World,308,623.3,261.9
World,309,623.1,261.8
World,310,622.9,261.8
World,311,622.7,261.7
World,312,622.5,261.7
World,313,622.3,261.6
World,314,622.1,261.6
World,315,621.9,261.5
World,316,621.7,261.5
World,317,621.5,261.5
World,318,621.4,261.4
World,319,621.2,261.4
World,320,621,261.4
World,321,620.8,261.4
World,322,620.6,261.4
World,323,620.5,261.3
World,324,620.3,261.3
World,325,620.1,261.3
World,326,620,261.3
World,327,619.8,261.4
World,328,619.7,261.4
World,329,619.6,261.4
World,330,619.4,261.4
World,331,619.3,261.5
World,332,619.2,261.5
World,333,619.1,261.5
World,334,619,261.6
World,335,618.9,261.6
World,336,618.9,261.7
World,337,618.8,261.7
World,338,618.8,261.8
World,339,618.7,261.9
World,340,618.7,261.9
World,341,618.7,262
World,342,618.6,262.1
World,343,618.6,262.2
World,344,618.6,262.2
World,345,618.7,262.3
World,346,618.7,262.4
World,347,618.7,262.5
World,348,618.7,262.5
World,349,618.8,262.6
World,350,618.8,262.7
World,351,618.9,262.8
World,352,619,262.9
World,353,619,263
World,354,619.1,263
World,355,619.2,263.1
World,356,619.3,263.2
World,357,619.5,263.3
World,358,619.6,263.4
World,359,619.7,263.4
World,360,619.9,263.5
World,361,620,263.6
World,362,620.2,263.6
World,363,620.3,263.7
World,364,620.5,263.8
World,365,620.7,263.8
World,366,620.9,263.9
World,367,621.1,263.9
World,368,621.3,264
World,369,621.5,264
World,370,621.7,264.1
World,371,622,264.1
World,372,622.2,264.1
World,373,622.5,264.2
World,374,622.7,264.2
World,375,623,264.2
World,376,623.2,264.2
World,377,623.5,264.3
World,378,623.8,264.3
World,379,624,264.3
World,380,624.3,264.3
World,381,624.6,264.3
World,382,624.9,264.3
World,383,625.2,264.3
World,384,625.5,264.3
World,385,625.8,264.3
World,386,626.1,264.3
World,387,626.4,264.3
World,388,626.7,264.3
World,389,627,264.3
World,390,627.3,264.3
World,391,627.6,264.3
World,392,627.9,264.3
World,393,628.2,264.3
World,394,628.5,264.3
World,395,628.8,264.3
World,396,629.1,264.3
World,397,629.4,264.2
World,398,629.7,264.2
World,399,630,264.2
World,400,630.3,264.2
World,401,630.6,264.2
World,402,630.9,264.1
World,403,631.2,264.1
World,404,631.4,264.1
World,405,631.7,264.1
World,406,632,264
World,407,632.3,264
World,408,632.5,264
World,409,632.8,264
World,410,633,263.9
World,411,633.3,263.9
World,412,633.5,263.9
World,413,633.7,263.9
World,414,634,263.8
World,415,634.2,263.8
World,416,634.4,263.8
World,417,634.6,263.8
World,418,634.8,263.7
World,419,635,263.7
World,420,635.1,263.7
World,421,635.3,263.7
World,422,635.5,263.6
World,423,635.6,263.6
World,424,635.7,263.6
World,425,635.9,263.6
World,426,636,263.5
World,427,636.1,263.5
World,428,636.2,263.5
World,429,636.2,263.5
World,430,636.3,263.5
World,431,636.4,263.5
World,432,636.4,263.4
World,433,636.4,263.4
World,434,636.5,263.4
World,435,636.5,263.4
World,436,636.5,263.4
World,437,636.5,263.4
World,438,636.5,263.4
World,439,636.5,263.4
World,440,636.5,263.4
World,441,636.5,263.4
World,442,636.5,263.3
World,443,636.6,263.3
World,444,636.6,263.3
World,445,636.6,263.3
World,446,636.6,263.3
World,447,636.7,263.3
World,448,636.7,263.3
World,449,636.8,263.3
World,450,636.9,263.3
World,451,637,263.3
World,452,637.1,263.3
World,453,637.2,263.3
World,454,637.3,263.3
World,455,637.5,263.3
World,456,637.7,263.3
World,457,637.9,263.3
World,458,638.1,263.2
World,459,638.4,263.2
World,460,638.6,263.2
World,461,638.9,263.2
World,462,639.3,263.2
World,463,639.6,263.2
World,464,640,263.2
World,465,640.5,263.2
World,466,640.9,263.2
World,467,641.4,263.1
World,468,641.9,263.1
World,469,642.4,263.1
World,470,642.9,263.1
World,471,643.4,263.1
World,472,644,263
World,473,644.6,263
World,474,645.2,263
World,475,645.8,263
World,476,646.4,262.9
World,477,647,262.9
World,478,647.6,262.9
World,479,648.2,262.9
World,480,648.9,262.8
World,481,649.5,262.8
World,482,650.1,262.7
World,483,650.8,262.7
World,484,651.4,262.7
World,485,652,262.6
World,486,652.6,262.6
World,487,653.2,262.5
World,488,653.8,262.5
World,489,654.4,262.4
World,490,655,262.4
World,491,655.5,262.3
World,492,656,262.3
World,493,656.6,262.2
World,494,657.1,262.1
World,495,657.5,262.1
World,496,658,262
World,497,658.4,261.9
World,498,658.8,261.8
World,499,659.2,261.8
World,500,659.5,261.7
World,501,659.8,261.6
World,502,660.1,261.5
World,503,660.3,261.4
World,504,660.5,261.3
World,505,660.7,261.2
World,506,660.9,261.1
World,507,661,261.1
World,508,661.1,261
World,509,661.2,260.9
World,510,661.2,260.8
World,511,661.3,260.7
World,512,661.3,260.6
World,513,661.3,260.5
World,514,661.2,260.4
World,515,661.2,260.3
World,516,661.1,260.3
World,517,661,260.2
World,518,660.9,260.1
World,519,660.8,260.1
World,520,660.7,260
World,521,660.5,260
World,522,660.4,259.9
World,523,660.2,259.9
World,524,660,259.8
World,525,659.9,259.8
World,526,659.7,259.8
World,527,659.5,259.8
World,528,659.3,259.8
World,529,659.1,259.8
World,530,658.9,259.8
World,531,658.7,259.8
World,532,658.5,259.9
World,533,658.3,259.9
World,534,658.1,260
World,535,657.8,260.1
World,536,657.7,260.1
World,537,657.5,260.2
World,538,657.3,260.3
World,539,657.1,260.5
World,540,656.9,260.6
World,541,656.7,260.7
World,542,656.6,260.9
World,543,656.4,261.1
World,544,656.3,261.2
World,545,656.1,261.4
World,546,656,261.6
World,547,655.8,261.7
World,548,655.7,261.9
World,549,655.5,262.1
World,550,655.4,262.3
World,551,655.3,262.5
World,552,655.1,262.7
World,553,655,262.8
World,554,654.9,263
World,555,654.7,263.2
World,556,654.6,263.4
World,557,654.5,263.5
World,558,654.3,263.7
World,559,654.2,263.9
World,560,654.1,264
World,561,653.9,264.1
World,562,653.8,264.3
World,563,653.7,264.4
World,564,653.5,264.5
World,565,653.4,264.5
World,566,653.2,264.6
World,567,653.1,264.7
World,568,652.9,264.7
World,569,652.7,264.7
World,570,652.6,264.7
World,571,652.4,264.7
World,572,652.2,264.7
World,573,652,264.6
World,574,651.8,264.6
World,575,651.6,264.5
World,576,651.4,264.3
World,577,651.2,264.2
World,578,650.9,264.1
World,579,650.7,263.9
World,580,650.4,263.8
World,581,650.2,263.6
World,582,649.9,263.4
World,583,649.7,263.2
World,584,649.4,263.1
World,585,649.1,262.9
World,586,648.8,262.7
World,587,648.5,262.5
World,588,648.2,262.3
World,589,647.9,262.1
World,590,647.6,261.9
World,591,647.3,261.8
World,592,646.9,261.6
World,593,646.6,261.5
World,594,646.2,261.3
World,595,645.9,261.2
World,596,645.5,261.1
World,597,645.1,261
World,598,644.7,260.9
World,599,644.4,260.8
World,600,644,260.8
World,601,643.6,260.7
World,602,643.1,260.7
World,603,642.7,260.7
World,604,642.3,260.7
World,605,641.9,260.7
World,606,641.5,260.7
World,607,641.1,260.7
World,608,640.7,260.7
World,609,640.3,260.8
World,610,639.9,260.8
World,611,639.5,260.9
World,612,639.1,260.9
World,613,638.7,261
World,614,638.3,261
World,615,637.9,261.1
World,616,637.5,261.2
World,617,637.2,261.3
World,618,636.8,261.3
World,619,636.5,261.4
World,620,636.2,261.5
World,621,635.9,261.6
World,622,635.6,261.7
World,623,635.3,261.7
World,624,635.1,261.8
World,625,634.8,261.9
World,626,634.6,262
World,627,634.4,262
World,628,634.2,262.1
World,629,634,262.2
World,630,633.9,262.2
World,631,633.8,262.3
World,632,633.7,262.3
World,633,633.6,262.3
World,634,633.6,262.4
World,635,633.6,262.4
World,636,633.6,262.4
World,637,633.6,262.4
World,638,633.7,262.4
World,639,633.7,262.4
World,640,633.8,262.4
World,641,634,262.3
World,642,634.1,262.3
World,643,634.2,262.3
World,644,634.4,262.3
World,645,634.6,262.2
World,646,634.8,262.2
World,647,635,262.2
World,648,635.3,262.1
World,649,635.5,262.1
World,650,635.8,262
World,651,636,262
World,652,636.3,261.9
World,653,636.6,261.9
World,654,636.9,261.8
World,655,637.2,261.8
World,656,637.6,261.7
World,657,637.9,261.7
World,658,638.2,261.6
World,659,638.5,261.6
World,660,638.9,261.5
World,661,639.2,261.5
World,662,639.6,261.4
World,663,639.9,261.4
World,664,640.3,261.3
World,665,640.6,261.3
World,666,641,261.3
World,667,641.3,261.2
World,668,641.7,261.2
World,669,642,261.2
World,670,642.4,261.2
World,671,642.7,261.1
World,672,643,261.1
World,673,643.4,261.1
World,674,643.7,261.1
World,675,644,261.1
World,676,644.3,261.1
World,677,644.6,261.1
World,678,644.9,261.1
World,679,645.2,261.1
World,680,645.5,261.2
World,681,645.8,261.2
World,682,646.1,261.2
World,683,646.3,261.2
World,684,646.6,261.3
World,685,646.9,261.3
World,686,647.1,261.3
World,687,647.3,261.4
World,688,647.6,261.4
World,689,647.8,261.5
World,690,648,261.5
World,691,648.2,261.6
World,692,648.5,261.6
World,693,648.6,261.7
World,694,648.8,261.7
World,695,649,261.8
World,696,649.2,261.9
World,697,649.3,261.9
World,698,649.5,262
World,699,649.6,262.1
World,700,649.8,262.1
World,701,649.9,262.2
World,702,650,262.3
World,703,650.1,262.4
World,704,650.2,262.4
World,705,650.3,262.5
World,706,650.4,262.6
World,707,650.4,262.7
World,708,650.5,262.8
World,709,650.5,262.9
World,710,650.6,263
World,711,650.6,263.1
World,712,650.6,263.2
World,713,650.7,263.3
World,714,650.7,263.4
World,715,650.7,263.5
World,716,650.7,263.6
World,717,650.6,263.7
World,718,650.6,263.8
World,719,650.6,263.9
World,720,650.6,264
World,721,650.5,264.1
World,722,650.5,264.2
World,723,650.4,264.3
World,724,650.3,264.4
World,725,650.3,264.5
World,726,650.2,264.6
World,727,650.1,264.8
World,728,650,264.9
World,729,649.9,265
World,730,649.8,265.1
World,731,649.7,265.2
World,732,649.5,265.3
World,733,649.4,265.4
World,734,649.3,265.5
World,735,649.2,265.7
World,736,649,265.8
World,737,648.9,265.9
World,738,648.7,266
World,739,648.6,266.1
World,740,648.4,266.2
World,741,648.2,266.4
World,742,648.1,266.5
World,743,647.9,266.6
World,744,647.7,266.7
World,745,647.5,266.8
World,746,647.3,266.9
World,747,647.2,267
World,748,647,267.2
World,749,646.8,267.3
World,750,646.6,267.4
World,751,646.4,267.5
World,752,646.2,267.6
World,753,646,267.7
World,754,645.8,267.8
World,755,645.6,267.9
World,756,645.4,268
World,757,645.2,268.1
World,758,645,268.2
World,759,644.7,268.3
World,760,644.5,268.4
World,761,644.3,268.5
World,762,644.1,268.6
World,763,643.9,268.7
World,764,643.7,268.8
World,765,643.5,268.9
World,766,643.3,269
World,767,643.1,269.1
World,768,642.9,269.2
World,769,642.7,269.3
World,770,642.5,269.3
World,771,642.3,269.4
World,772,642.1,269.5
World,773,641.9,269.6
World,774,641.7,269.7
World,775,641.6,269.7
World,776,641.4,269.8
World,777,641.3,269.9
World,778,641.1,269.9
World,779,641,270
World,780,640.9,270.1
World,781,640.8,270.1
World,782,640.7,270.2
World,783,640.7,270.2
World,784,640.6,270.3
World,785,640.6,270.3
World,786,640.5,270.4
World,787,640.5,270.4
World,788,640.6,270.5
World,789,640.6,270.5
World,790,640.7,270.5
World,791,640.7,270.6
World,792,640.8,270.6
World,793,641,270.6
World,794,641.1,270.6
World,795,641.3,270.7
World,796,641.5,270.7
World,797,641.7,270.7
World,798,642,270.7
World,799,642.3,270.7
World,800,642.6,270.7
World,801,642.9,270.7
World,802,643.3,270.7
World,803,643.7,270.7
World,804,644.1,270.7
World,805,644.6,270.6
World,806,645,270.6
World,807,645.5,270.6
World,808,646,270.6
World,809,646.5,270.6
World,810,647.1,270.5
World,811,647.6,270.5
World,812,648.2,270.5
World,813,648.7,270.4
World,814,649.3,270.4
World,815,649.8,270.4
World,816,650.4,270.3
World,817,651,270.3
World,818,651.5,270.2
World,819,652.1,270.2
World,820,652.6,270.1
World,821,653.1,270.1
World,822,653.7,270.1
World,823,654.2,270
World,824,654.7,270
World,825,655.1,269.9
World,826,655.6,269.9
World,827,656,269.8
World,828,656.4,269.8
World,829,656.8,269.7
World,830,657.2,269.7
World,831,657.5,269.7
World,832,657.8,269.6
World,833,658,269.6
World,834,658.3,269.5
World,835,658.5,269.5
World,836,658.6,269.5
World,837,658.8,269.4
World,838,658.9,269.4
World,839,659,269.4
World,840,659.1,269.4
World,841,659.2,269.3
World,842,659.2,269.3
World,843,659.2,269.3
World,844,659.2,269.3
World,845,659.2,269.3
World,846,659.1,269.3
World,847,659,269.2
World,848,659,269.2
World,849,658.9,269.2
World,850,658.7,269.2
World,851,658.6,269.3
World,852,658.5,269.3
World,853,658.3,269.3
World,854,658.1,269.3
World,855,658,269.3
World,856,657.8,269.4
World,857,657.6,269.4
World,858,657.4,269.4
World,859,657.2,269.5
World,860,656.9,269.5
World,861,656.7,269.6
World,862,656.5,269.6
World,863,656.2,269.7
World,864,656,269.8
World,865,655.7,269.8
World,866,655.5,269.9
World,867,655.2,270
World,868,655,270
World,869,654.7,270.1
World,870,654.4,270.2
World,871,654.2,270.3
World,872,653.9,270.4
World,873,653.6,270.4
World,874,653.3,270.5
World,875,653.1,270.6
World,876,652.8,270.7
World,877,652.5,270.8
World,878,652.2,270.9
World,879,652,270.9
World,880,651.7,271
World,881,651.4,271.1
World,882,651.1,271.2
World,883,650.8,271.3
World,884,650.6,271.4
World,885,650.3,271.4
World,886,650,271.5
World,887,649.8,271.6
World,888,649.5,271.6
World,889,649.3,271.7
World,890,649,271.8
World,891,648.8,271.8
World,892,648.5,271.9
World,893,648.3,271.9
World,894,648,272
World,895,647.8,272
World,896,647.6,272.1
World,897,647.4,272.1
World,898,647.2,272.1
World,899,647,272.1
World,900,646.8,272.1
World,901,646.6,272.2
World,902,646.4,272.2
World,903,646.3,272.2
World,904,646.1,272.2
World,905,646,272.1
World,906,645.8,272.1
World,907,645.7,272.1
World,908,645.6,272.1
World,909,645.5,272.1
World,910,645.4,272
World,911,645.3,272
World,912,645.2,272
World,913,645.1,271.9
World,914,645,271.9
World,915,645,271.8
World,916,644.9,271.8
World,917,644.9,271.7
World,918,644.8,271.6
World,919,644.8,271.6
World,920,644.8,271.5
World,921,644.8,271.4
World,922,644.8,271.4
World,923,644.8,271.3
World,924,644.8,271.2
World,925,644.8,271.1
World,926,644.8,271
World,927,644.9,270.9
World,928,644.9,270.9
World,929,645,270.8
World,930,645.1,270.7
World,931,645.2,270.6
World,932,645.3,270.5
World,933,645.4,270.4
World,934,645.5,270.3
World,935,645.6,270.2
World,936,645.7,270.1
World,937,645.9,270
World,938,646,269.9
World,939,646.2,269.8
World,940,646.4,269.7
World,941,646.5,269.6
World,942,646.7,269.4
World,943,646.9,269.3
World,944,647.1,269.2
World,945,647.4,269.1
World,946,647.6,269
World,947,647.8,268.9
World,948,648.1,268.8
World,949,648.4,268.7
World,950,648.6,268.6
World,951,648.9,268.5
World,952,649.2,268.4
World,953,649.5,268.3
World,954,649.8,268.2
World,955,650,268
World,956,650.3,267.9
World,957,650.6,267.8
World,958,650.9,267.7
World,959,651.2,267.6
World,960,651.5,267.5
World,961,651.8,267.4
World,962,652.1,267.3
World,963,652.4,267.3
World,964,652.6,267.2
World,965,652.9,267.1
World,966,653.2,267
World,967,653.4,266.9
World,968,653.7,266.8
World,969,653.9,266.7
World,970,654.1,266.7
World,971,654.4,266.6
World,972,654.6,266.5
World,973,654.8,266.4
World,974,655,266.4
World,975,655.2,266.3
World,976,655.4,266.2
World,977,655.6,266.2
World,978,655.7,266.1
World,979,655.9,266.1
World,980,656.1,266
World,981,656.3,266
World,982,656.5,265.9
World,983,656.7,265.9
World,984,656.9,265.8
World,985,657.2,265.8
World,986,657.4,265.7
World,987,657.6,265.7
World,988,657.9,265.6
World,989,658.2,265.6
World,990,658.5,265.6
World,991,658.8,265.5
World,992,659.1,265.5
World,993,659.4,265.5
World,994,659.8,265.5
World,995,660.2,265.4
World,996,660.6,265.4
World,997,661,265.4
World,998,661.4,265.4
World,999,661.9,265.4
World,1000,662.4,265.3
World,1001,663,265.3
World,1002,663.5,265.3
World,1003,664.1,265.3
World,1004,664.8,265.3
World,1005,665.4,265.3
World,1006,666.1,265.3
World,1007,666.9,265.3
World,1008,667.6,265.3
World,1009,668.4,265.3
World,1010,669.2,265.3
World,1011,670.1,265.3
World,1012,670.9,265.3
World,1013,671.7,265.3
World,1014,672.5,265.3
World,1015,673.3,265.3
World,1016,674.1,265.3
World,1017,674.9,265.3
World,1018,675.6,265.3
World,1019,676.3,265.3
World,1020,677,265.4
World,1021,677.6,265.4
World,1022,678.1,265.4
World,1023,678.6,265.4
World,1024,679,265.4
World,1025,679.4,265.4
World,1026,679.6,265.5
World,1027,679.8,265.5
World,1028,679.9,265.5
World,1029,679.9,265.5
World,1030,679.9,265.6
World,1031,679.8,265.6
World,1032,679.6,265.6
World,1033,679.4,265.6
World,1034,679.1,265.7
World,1035,678.8,265.7
World,1036,678.5,265.7
World,1037,678.2,265.7
World,1038,677.8,265.8
World,1039,677.4,265.8
World,1040,677.1,265.8
World,1041,676.7,265.9
World,1042,676.3,265.9
World,1043,675.9,265.9
World,1044,675.6,266
World,1045,675.2,266
World,1046,674.8,266.1
World,1047,674.5,266.1
World,1048,674.1,266.1
World,1049,673.8,266.2
World,1050,673.5,266.2
World,1051,673.2,266.2
World,1052,672.9,266.3
World,1053,672.6,266.3
World,1054,672.4,266.4
World,1055,672.2,266.4
World,1056,672,266.4
World,1057,671.9,266.5
World,1058,671.8,266.5
World,1059,671.7,266.6
World,1060,671.6,266.6
World,1061,671.6,266.6
World,1062,671.6,266.7
World,1063,671.7,266.7
World,1064,671.8,266.8
World,1065,671.9,266.8
World,1066,672,266.9
World,1067,672.1,266.9
World,1068,672.3,266.9
World,1069,672.5,267
World,1070,672.7,267
World,1071,672.9,267.1
World,1072,673.1,267.1
World,1073,673.4,267.2
World,1074,673.6,267.2
World,1075,673.8,267.2
World,1076,674.1,267.3
World,1077,674.3,267.3
World,1078,674.6,267.4
World,1079,674.8,267.4
World,1080,675,267.4
World,1081,675.2,267.5
World,1082,675.4,267.5
World,1083,675.6,267.6
World,1084,675.8,267.6
World,1085,675.9,267.6
World,1086,676.1,267.7
World,1087,676.2,267.7
World,1088,676.3,267.8
World,1089,676.3,267.8
World,1090,676.4,267.8
World,1091,676.4,267.9
World,1092,676.4,267.9
World,1093,676.3,267.9
World,1094,676.3,268
World,1095,676.2,268
World,1096,676.2,268
World,1097,676.1,268.1
World,1098,676.1,268.1
World,1099,676,268.1
World,1100,675.9,268.2
World,1101,675.9,268.2
World,1102,675.9,268.2
World,1103,675.9,268.2
World,1104,675.9,268.3
World,1105,675.9,268.3
World,1106,675.9,268.3
World,1107,676,268.3
World,1108,676.2,268.4
World,1109,676.3,268.4
World,1110,676.5,268.4
World,1111,676.7,268.4
World,1112,676.9,268.4
World,1113,677.1,268.5
World,1114,677.4,268.5
World,1115,677.7,268.5
World,1116,678,268.5
World,1117,678.3,268.5
World,1118,678.6,268.5
World,1119,679,268.5
World,1120,679.3,268.6
World,1121,679.7,268.6
World,1122,680.1,268.6
World,1123,680.5,268.6
World,1124,680.8,268.6
World,1125,681.2,268.6
World,1126,681.6,268.6
World,1127,682,268.6
World,1128,682.4,268.6
World,1129,682.8,268.6
World,1130,683.2,268.6
World,1131,683.6,268.6
World,1132,683.9,268.6
World,1133,684.3,268.6
World,1134,684.7,268.6
World,1135,685,268.6
World,1136,685.3,268.6
World,1137,685.6,268.6
World,1138,685.9,268.6
World,1139,686.2,268.6
World,1140,686.5,268.6
World,1141,686.7,268.6
World,1142,686.9,268.6
World,1143,687.1,268.6
World,1144,687.3,268.6
World,1145,687.5,268.6
World,1146,687.7,268.6
World,1147,687.8,268.6
World,1148,688,268.6
World,1149,688.1,268.6
World,1150,688.2,268.6
World,1151,688.3,268.6
World,1152,688.4,268.6
World,1153,688.4,268.6
World,1154,688.5,268.6
World,1155,688.5,268.5
World,1156,688.6,268.5
World,1157,688.6,268.5
World,1158,688.6,268.5
World,1159,688.6,268.5
World,1160,688.6,268.5
World,1161,688.6,268.5
World,1162,688.6,268.5
World,1163,688.6,268.4
World,1164,688.5,268.4
World,1165,688.5,268.4
World,1166,688.4,268.4
World,1167,688.4,268.4
World,1168,688.3,268.4
World,1169,688.2,268.4
World,1170,688.1,268.3
World,1171,688,268.3
World,1172,687.9,268.3
World,1173,687.8,268.3
World,1174,687.7,268.3
World,1175,687.6,268.3
World,1176,687.5,268.3
World,1177,687.3,268.2
World,1178,687.2,268.2
World,1179,687,268.2
World,1180,686.8,268.2
World,1181,686.7,268.2
World,1182,686.5,268.2
World,1183,686.3,268.1
World,1184,686.1,268.1
World,1185,685.9,268.1
World,1186,685.6,268.1
World,1187,685.4,268.1
World,1188,685.2,268
World,1189,684.9,268
World,1190,684.7,268
World,1191,684.4,268
World,1192,684.2,268
World,1193,683.9,268
World,1194,683.6,267.9
World,1195,683.3,267.9
World,1196,683,267.9
World,1197,682.7,267.9
World,1198,682.4,267.9
World,1199,682,267.8
World,1200,681.7,267.8
World,1201,681.3,267.8
World,1202,680.9,267.8
World,1203,680.5,267.8
World,1204,680,267.8
World,1205,679.6,267.7
World,1206,679.1,267.7
World,1207,678.6,267.7
World,1208,678.1,267.7
World,1209,677.5,267.7
World,1210,676.9,267.7
World,1211,676.3,267.6
World,1212,675.6,267.6
World,1213,675,267.6
World,1214,674.3,267.6
World,1215,673.6,267.6
World,1216,672.9,267.6
World,1217,672.2,267.5
World,1218,671.5,267.5
World,1219,670.8,267.5
World,1220,670.1,267.5
World,1221,669.3,267.5
World,1222,668.6,267.5
World,1223,667.9,267.5
World,1224,667.3,267.5
World,1225,666.6,267.4
World,1226,665.9,267.4
World,1227,665.3,267.4
World,1228,664.7,267.4
World,1229,664.1,267.4
World,1230,663.5,267.4
World,1231,663,267.4
World,1232,662.5,267.4
World,1233,662,267.4
World,1234,661.6,267.4
World,1235,661.2,267.4
World,1236,660.9,267.4
World,1237,660.6,267.4
World,1238,660.4,267.4
World,1239,660.2,267.4
World,1240,660,267.4
World,1241,660,267.4
World,1242,660,267.4
World,1243,660,267.4
World,1244,660.1,267.4
World,1245,660.3,267.4
World,1246,660.6,267.4
World,1247,660.9,267.4
World,1248,661.3,267.4
World,1249,661.8,267.4
World,1250,662.4,267.5
World,1251,663,267.5
World,1252,663.7,267.5
World,1253,664.4,267.5
World,1254,665.2,267.5
World,1255,666,267.5
World,1256,666.9,267.6
World,1257,667.8,267.6
World,1258,668.7,267.6
World,1259,669.6,267.6
World,1260,670.6,267.7
World,1261,671.6,267.7
World,1262,672.6,267.7
World,1263,673.6,267.8
World,1264,674.6,267.8
World,1265,675.6,267.8
World,1266,676.5,267.9
World,1267,677.5,267.9
World,1268,678.5,267.9
World,1269,679.5,268
World,1270,680.4,268
World,1271,681.3,268
World,1272,682.2,268.1
World,1273,683.1,268.1
World,1274,684,268.2
World,1275,684.8,268.2
World,1276,685.6,268.3
World,1277,686.3,268.3
World,1278,687,268.3
World,1279,687.6,268.4
World,1280,688.2,268.4
World,1281,688.8,268.5
World,1282,689.3,268.5
World,1283,689.8,268.6
World,1284,690.2,268.6
World,1285,690.6,268.6
World,1286,691,268.7
World,1287,691.3,268.7
World,1288,691.6,268.8
World,1289,691.8,268.8
World,1290,692,268.9
World,1291,692.1,268.9
World,1292,692.2,269
World,1293,692.3,269
World,1294,692.3,269
World,1295,692.3,269.1
World,1296,692.3,269.1
World,1297,692.2,269.2
World,1298,692,269.2
World,1299,691.8,269.2
World,1300,691.6,269.3
World,1301,691.4,269.3
World,1302,691.1,269.3
World,1303,690.7,269.4
World,1304,690.4,269.4
World,1305,690,269.4
World,1306,689.5,269.5
World,1307,689,269.5
World,1308,688.5,269.5
World,1309,687.9,269.6
World,1310,687.3,269.6
World,1311,686.7,269.6
World,1312,686,269.6
World,1313,685.3,269.7
World,1314,684.6,269.7
World,1315,683.9,269.7
World,1316,683.2,269.7
World,1317,682.5,269.7
World,1318,681.7,269.7
World,1319,681,269.7
World,1320,680.2,269.7
World,1321,679.5,269.8
World,1322,678.7,269.8
World,1323,678,269.8
World,1324,677.3,269.8
World,1325,676.6,269.8
World,1326,676,269.7
World,1327,675.3,269.7
World,1328,674.7,269.7
World,1329,674.1,269.7
World,1330,673.6,269.7
World,1331,673,269.7
World,1332,672.6,269.7
World,1333,672.1,269.6
World,1334,671.8,269.6
World,1335,671.4,269.6
World,1336,671.1,269.6
World,1337,670.8,269.5
World,1338,670.5,269.5
World,1339,670.3,269.4
World,1340,670,269.4
World,1341,669.8,269.4
World,1342,669.6,269.3
World,1343,669.5,269.3
World,1344,669.3,269.2
World,1345,669.1,269.2
World,1346,669,269.1
World,1347,668.8,269.1
World,1348,668.7,269
World,1349,668.5,269
World,1350,668.4,268.9
World,1351,668.2,268.9
World,1352,668.1,268.8
World,1353,667.9,268.7
World,1354,667.8,268.7
World,1355,667.6,268.6
World,1356,667.6,268.6
World,1357,667.5,268.5
World,1358,667.6,268.4
World,1359,667.7,268.4
World,1360,667.8,268.3
World,1361,668.1,268.3
World,1362,668.4,268.2
World,1363,668.7,268.1
World,1364,669.1,268.1
World,1365,669.6,268
World,1366,670,267.9
World,1367,670.5,267.9
World,1368,671.1,267.8
World,1369,671.6,267.7
World,1370,672.2,267.7
World,1371,672.8,267.6
World,1372,673.3,267.5
World,1373,673.9,267.5
World,1374,674.5,267.4
World,1375,675.1,267.4
World,1376,675.6,267.3
World,1377,676.1,267.2
World,1378,676.6,267.2
World,1379,677,267.1
World,1380,677.5,267.1
World,1381,677.8,267
World,1382,678.1,266.9
World,1383,678.4,266.9
World,1384,678.6,266.8
World,1385,678.7,266.8
World,1386,678.7,266.7
World,1387,678.7,266.7
World,1388,678.6,266.6
World,1389,678.4,266.6
World,1390,678.1,266.6
World,1391,677.7,266.5
World,1392,677.2,266.5
World,1393,676.5,266.4
World,1394,675.8,266.4
World,1395,675.1,266.4
World,1396,674.2,266.3
World,1397,673.4,266.3
World,1398,672.5,266.3
World,1399,671.5,266.3
World,1400,670.6,266.2
World,1401,669.7,266.2
World,1402,668.9,266.2
World,1403,668,266.2
World,1404,667.3,266.2
World,1405,666.6,266.2
World,1406,666,266.2
World,1407,665.5,266.2
World,1408,665.1,266.2
World,1409,664.9,266.2
World,1410,664.8,266.2
World,1411,664.9,266.2
World,1412,665.2,266.2
World,1413,665.6,266.2
World,1414,666.3,266.3
World,1415,667.1,266.3
World,1416,668,266.3
World,1417,669.1,266.3
World,1418,670.3,266.4
World,1419,671.5,266.4
World,1420,672.8,266.4
World,1421,674.2,266.5
World,1422,675.6,266.5
World,1423,677,266.5
World,1424,678.3,266.6
World,1425,679.7,266.6
World,1426,680.9,266.7
World,1427,682.1,266.7
World,1428,683.2,266.7
World,1429,684.1,266.8
World,1430,684.9,266.8
World,1431,685.6,266.8
World,1432,686.1,266.9
World,1433,686.4,266.9
World,1434,686.6,266.9
World,1435,686.7,267
World,1436,686.7,267
World,1437,686.6,267
World,1438,686.4,267
World,1439,686.1,267.1
World,1440,685.8,267.1
World,1441,685.4,267.1
World,1442,685,267.1
World,1443,684.6,267.1
World,1444,684.1,267.1
World,1445,683.7,267.1
World,1446,683.3,267.1
World,1447,682.9,267
World,1448,682.6,267
World,1449,682.3,267
World,1450,682.1,267
World,1451,682,266.9
World,1452,682,266.9
World,1453,681.9,266.8
World,1454,681.9,266.8
World,1455,681.9,266.7
World,1456,681.9,266.7
World,1457,681.8,266.6
World,1458,681.6,266.6
World,1459,681.2,266.5
World,1460,680.8,266.4
World,1461,680.2,266.4
World,1462,679.5,266.3
World,1463,678.6,266.3
World,1464,677.7,266.2
World,1465,676.8,266.2
World,1466,675.8,266.1
World,1467,674.9,266.1
World,1468,673.9,266
World,1469,673,266
World,1470,672.3,265.9
World,1471,671.6,265.9
World,1472,671,265.9
World,1473,670.6,265.9
World,1474,670.3,265.8
World,1475,670.1,265.8
World,1476,670,265.8
World,1477,670,265.8
World,1478,670.1,265.8
World,1479,670.3,265.8
World,1480,670.7,265.8
World,1481,671.1,265.9
World,1482,671.5,265.9
World,1483,672.1,265.9
World,1484,672.7,266
World,1485,673.4,266
World,1486,674.2,266.1
World,1487,675.1,266.2
World,1488,676,266.3
World,1489,676.9,266.4
World,1490,678,266.5
World,1491,679,266.6
World,1492,680.1,266.7
World,1493,681.3,266.8
World,1494,682.5,267
World,1495,683.7,267.2
World,1496,684.9,267.3
World,1497,686.2,267.5
World,1498,687.5,267.7
World,1499,688.8,267.9
World,1500,690.1,268.2
World,1501,691.5,268.4
World,1502,692.8,268.6
World,1503,694.2,268.9
World,1504,695.5,269.2
World,1505,696.7,269.5
World,1506,697.9,269.8
World,1507,699,270.1
World,1508,699.9,270.4
World,1509,700.7,270.7
World,1510,701.3,270.9
World,1511,701.8,271.2
World,1512,702.2,271.5
World,1513,702.4,271.8
World,1514,702.6,272
World,1515,702.7,272.3
World,1516,702.7,272.5
World,1517,702.6,272.7
World,1518,702.4,272.9
World,1519,702.2,273
World,1520,702,273.2
World,1521,701.7,273.3
World,1522,701.4,273.3
World,1523,701.1,273.4
World,1524,700.8,273.4
World,1525,700.5,273.3
World,1526,700.2,273.3
World,1527,699.9,273.1
World,1528,699.7,273
World,1529,699.5,272.8
World,1530,699.3,272.5
World,1531,699.2,272.2
World,1532,699.2,271.8
World,1533,699.2,271.5
World,1534,699.3,271.1
World,1535,699.4,270.8
World,1536,699.5,270.6
World,1537,699.6,270.3
World,1538,699.8,270.2
World,1539,699.9,270
World,1540,700.1,269.9
World,1541,700.3,269.9
World,1542,700.5,269.8
World,1543,700.8,269.8
World,1544,701.1,269.8
World,1545,701.5,269.9
World,1546,701.9,269.9
World,1547,702.5,269.9
World,1548,703.1,270
World,1549,703.8,270
World,1550,704.6,270.1
World,1551,705.6,270.1
World,1552,706.6,270.1
World,1553,707.7,270.2
World,1554,708.7,270.2
World,1555,709.8,270.2
World,1556,710.7,270.2
World,1557,711.5,270.2
World,1558,712,270.1
World,1559,712.3,270.1
World,1560,712.3,270.1
World,1561,711.9,270.1
World,1562,711.2,270.1
World,1563,710,270
World,1564,708.5,270
World,1565,706.7,270
World,1566,704.6,269.9
World,1567,702.4,269.9
World,1568,700,269.8
World,1569,697.6,269.8
World,1570,695.1,269.8
World,1571,692.7,269.7
World,1572,690.3,269.7
World,1573,688.1,269.6
World,1574,686.1,269.5
World,1575,684.3,269.5
World,1576,682.7,269.4
World,1577,681.3,269.4
World,1578,680.1,269.3
World,1579,679,269.3
World,1580,678.1,269.2
World,1581,677.2,269.1
World,1582,676.4,269
World,1583,675.7,269
World,1584,675,268.9
World,1585,674.3,268.8
World,1586,673.5,268.7
World,1587,672.7,268.7
World,1588,671.8,268.6
World,1589,670.8,268.5
World,1590,669.7,268.4
World,1591,668.5,268.3
World,1592,667.4,268.2
World,1593,666.5,268.1
World,1594,665.7,268
World,1595,665.2,267.9
World,1596,664.8,267.8
World,1597,664.6,267.7
World,1598,664.6,267.6
World,1599,664.7,267.5
World,1600,665.1,267.4
World,1601,665.6,267.2
World,1602,666.3,267.1
World,1603,667.1,267
World,1604,668.2,266.9
World,1605,669.4,266.8
World,1606,670.7,266.7
World,1607,672.2,266.6
World,1608,673.6,266.5
World,1609,675,266.3
World,1610,676.3,266.2
World,1611,677.4,266.1
World,1612,678.3,266
World,1613,679,265.9
World,1614,679.5,265.8
World,1615,679.8,265.7
World,1616,679.9,265.7
World,1617,680,265.6
World,1618,680,265.5
World,1619,680,265.4
World,1620,680,265.3
World,1621,680,265.2
World,1622,680,265.2
World,1623,680.2,265.1
World,1624,680.5,265
World,1625,680.9,265
World,1626,681.4,264.9
World,1627,682.1,264.8
World,1628,682.8,264.8
World,1629,683.5,264.7
World,1630,684.2,264.7
World,1631,684.9,264.7
World,1632,685.6,264.6
World,1633,686.2,264.6
World,1634,686.6,264.6
World,1635,687,264.5
World,1636,687.3,264.5
World,1637,687.4,264.5
World,1638,687.4,264.5
World,1639,687.1,264.5
World,1640,686.7,264.5
World,1641,686.1,264.5
World,1642,685.3,264.5
World,1643,684.2,264.6
World,1644,683.1,264.6
World,1645,681.8,264.6
World,1646,680.5,264.7
World,1647,679.2,264.7
World,1648,677.9,264.8
World,1649,676.7,264.8
World,1650,675.7,264.9
World,1651,674.9,265
World,1652,674.2,265
World,1653,673.7,265.1
World,1654,673.4,265.2
World,1655,673.3,265.3
World,1656,673.3,265.4
World,1657,673.5,265.5
World,1658,673.7,265.6
World,1659,674.1,265.8
World,1660,674.7,265.9
World,1661,675.3,266
World,1662,676,266.2
World,1663,676.8,266.4
World,1664,677.6,266.5
World,1665,678.6,266.7
World,1666,679.5,266.9
World,1667,680.6,267.1
World,1668,681.6,267.3
World,1669,682.7,267.5
World,1670,683.8,267.7
World,1671,684.8,267.9
World,1672,685.9,268.1
World,1673,686.9,268.3
World,1674,687.9,268.5
World,1675,688.7,268.8
World,1676,689.5,269
World,1677,690.3,269.2
World,1678,690.8,269.4
World,1679,691.3,269.6
World,1680,691.6,269.8
World,1681,691.8,269.9
World,1682,691.8,270.1
World,1683,691.5,270.3
World,1684,691.1,270.4
World,1685,690.5,270.5
World,1686,689.8,270.6
World,1687,688.8,270.7
World,1688,687.7,270.8
World,1689,686.4,270.9
World,1690,685,271
World,1691,683.5,271.1
World,1692,681.9,271.1
World,1693,680.2,271.2
World,1694,678.5,271.2
World,1695,676.8,271.2
World,1696,675.2,271.2
World,1697,673.6,271.2
World,1698,672,271.3
World,1699,670.6,271.2
World,1700,669.2,271.2
World,1701,667.9,271.2
World,1702,666.7,271.2
World,1703,665.6,271.2
World,1704,664.6,271.1
World,1705,663.7,271.1
World,1706,662.9,271
World,1707,662.3,271
World,1708,661.7,270.9
World,1709,661.3,270.9
World,1710,661,270.8
World,1711,660.9,270.7
World,1712,660.9,270.7
World,1713,661.1,270.6
World,1714,661.4,270.5
World,1715,661.9,270.4
World,1716,662.5,270.4
World,1717,663.4,270.3
World,1718,664.4,270.2
World,1719,665.6,270.1
World,1720,667,270
World,1721,668.6,270
World,1722,670.4,269.9
World,1723,672.4,269.8
World,1724,674.6,269.7
World,1725,677,269.6
World,1726,679.6,269.6
World,1727,682.3,269.5
World,1728,685.1,269.4
World,1729,687.9,269.4
World,1730,690.6,269.3
World,1731,693.3,269.3
World,1732,695.8,269.2
World,1733,698.2,269.2
World,1734,700.3,269.2
World,1735,702.2,269.2
World,1736,703.7,269.2
World,1737,704.9,269.2
World,1738,705.7,269.2
World,1739,706.3,269.3
World,1740,706.5,269.4
World,1741,706.4,269.4
World,1742,706,269.5
World,1743,705.3,269.7
World,1744,704.3,269.8
World,1745,703.1,270
World,1746,701.7,270.2
World,1747,700.2,270.4
World,1748,698.9,270.6
World,1749,697.7,270.9
World,1750,696.8,271.2
World,1751,696.4,271.5
World,1752,696.2,271.8
World,1753,696.3,272.2
World,1754,696.5,272.5
World,1755,696.8,272.8
World,1756,697.2,273.1
World,1757,697.7,273.4
World,1758,698.4,273.7
World,1759,699.1,273.9
World,1760,700,274.1
World,1761,701,274.2
World,1762,702.1,274.3
World,1763,703.3,274.3
World,1764,704.7,274.2
World,1765,706.3,274.2
World,1766,707.8,274.1
World,1767,709.5,274
World,1768,711.1,273.9
World,1769,712.6,273.8
World,1770,714.1,273.7
World,1771,715.4,273.6
World,1772,716.6,273.5
World,1773,717.5,273.3
World,1774,718.2,273.2
World,1775,718.6,273.1
World,1776,718.7,272.9
World,1777,718.6,272.8
World,1778,718.4,272.7
World,1779,718.2,272.5
World,1780,718.2,272.4
World,1781,718.3,272.3
World,1782,718.7,272.2
World,1783,719.1,272.1
World,1784,719.6,272
World,1785,719.8,271.9
World,1786,719.8,271.8
World,1787,719.6,271.8
World,1788,719.2,271.8
World,1789,718.8,271.8
World,1790,718.3,271.8
World,1791,717.9,271.8
World,1792,717.7,271.8
World,1793,717.6,271.9
World,1794,717.9,272
World,1795,718.4,272.1
World,1796,719.4,272.2
World,1797,720.7,272.4
World,1798,722.6,272.5
World,1799,724.6,272.5
World,1800,726.6,272.6
World,1801,728.5,272.5
World,1802,730,272.5
World,1803,731.3,272.4
World,1804,732.3,272.2
World,1805,733.2,272.1
World,1806,733.8,271.9
World,1807,734.4,271.8
World,1808,734.8,271.6
World,1809,735,271.5
World,1810,735.3,271.4
World,1811,735.4,271.3
World,1812,735.6,271.3
World,1813,735.8,271.3
World,1814,735.9,271.4
World,1815,736.2,271.5
World,1816,736.6,271.7
World,1817,737,272
World,1818,737.6,272.3
World,1819,738.4,272.5
World,1820,739.5,272.9
World,1821,740.8,273.2
World,1822,742.3,273.4
World,1823,744.1,273.7
World,1824,746,273.9
World,1825,747.9,274.1
World,1826,749.7,274.2
World,1827,751.4,274.2
World,1828,752.7,274.1
World,1829,753.8,274
World,1830,754.7,273.7
World,1831,755.4,273.3
World,1832,756,272.8
World,1833,756.7,272.1
World,1834,757.6,271.2
World,1835,758.8,270.4
World,1836,760.1,269.7
World,1837,761.5,269.4
World,1838,762.9,269.3
World,1839,764.4,269.4
World,1840,765.9,269.6
World,1841,767.5,269.8
World,1842,769.2,270
World,1843,771.1,270.2
World,1844,773,270.3
World,1845,774.9,270.3
World,1846,776.7,270.4
World,1847,778.4,270.4
World,1848,780.2,270.4
World,1849,782.2,270.4
World,1850,783.8,270.4
World,1851,784.3,270.4
World,1852,784,270.4
World,1853,783.3,270.4
World,1854,782.6,270.5
World,1855,782.1,270.6
World,1856,781.9,270.8
World,1857,782.3,271
World,1858,783.1,271.2
World,1859,784.5,271.5
World,1860,786.2,271.7
World,1861,788.2,271.9
World,1862,790.5,272
World,1863,792.9,272.1
World,1864,795.5,272.2
World,1865,798,272.3
World,1866,800.1,272.4
World,1867,802,272.5
World,1868,803.8,272.6
World,1869,805.7,272.8
World,1870,807.6,273
World,1871,809.8,273.3
World,1872,812.1,273.6
World,1873,814.4,274
World,1874,816.6,274.3
World,1875,818.6,274.7
World,1876,820.3,275
World,1877,821.9,275.3
World,1878,823.3,275.5
World,1879,824.9,275.7
World,1880,826.5,275.8
World,1881,828.3,276
World,1882,830.2,276.2
World,1883,832.1,276.4
World,1884,834,276.8
World,1885,835.8,277.2
World,1886,837.3,277.5
World,1887,838.4,277.9
World,1888,839.4,278.1
World,1889,840.5,278.2
World,1890,841.7,278.3
World,1891,843,278.3
World,1892,844.5,278.2
World,1893,846.2,278.1
World,1894,848.4,278
World,1895,850.8,277.8
World,1896,853.2,277.5
World,1897,855.7,277.3
World,1898,858.6,277.1
World,1899,861.7,277.1
World,1900,865,277.2
World,1901,868.4,277.4
World,1902,872.1,277.8
World,1903,876.2,278.3
World,1904,880.6,278.8
World,1905,885.5,279.3
World,1906,890.8,279.6
World,1907,896.4,280
World,1908,902.3,280.2
World,1909,907.8,280.5
World,1910,912.5,280.8
World,1911,915.7,281.1
World,1912,918.1,281.4
World,1913,920.1,281.8
World,1914,922.6,282.2
World,1915,925.9,282.7
World,1916,930.4,283.2
World,1917,936.2,283.8
World,1918,942.9,284.4
World,1919,950.1,284.9
World,1920,957.3,285.2
World,1921,964.1,285.3
World,1922,970.6,285.2
World,1923,976.6,285
World,1924,982.2,284.6
World,1925,987.4,284.2
World,1926,992.1,283.9
World,1927,996.8,283.9
World,1928,1001.5,284.2
World,1929,1006.4,284.6
World,1930,1011.2,285
World,1931,1015.9,285.4
World,1932,1020.6,285.8
World,1933,1025.4,286.1
World,1934,1030.7,286.5
World,1935,1036.4,286.8
World,1936,1042.2,286.9
World,1937,1047.9,286.8
World,1938,1053.2,286.9
World,1939,1058.2,287.3
World,1940,1062.8,287.7
World,1941,1066.9,288.1
World,1942,1070.5,288.3
World,1943,1073.5,288.2
World,1944,1076,288
World,1945,1078.6,287.9
World,1946,1082,287.8
World,1947,1086.2,287.9
World,1948,1091.3,287.9
World,1949,1097.2,287.9
World,1950,1103.8,287.7
World,1951,1111.2,287.6
World,1952,1119.6,287.7
World,1953,1128.8,288
World,1954,1139,288.7
World,1955,1150.1,289.6
World,1956,1161.9,290.6
World,1957,1173.2,291.4
World,1958,1183.7,291.9
World,1959,1194.4,292.2
World,1960,1205.5,292.3
World,1961,1217.1,292.4
World,1962,1229.1,292.5
World,1963,1241.4,292.6
World,1964,1253.6,292.7
World,1965,1265.5,292.7
World,1966,1277.9,292.8
World,1967,1291.7,293.1
World,1968,1307.2,293.6
World,1969,1323.9,294.3
World,1970,1341.2,295.2
World,1971,1358.4,296.2
World,1972,1375.2,297
World,1973,1391.6,297.7
World,1974,1407.3,298.4
World,1975,1422.4,299.1
World,1976,1437.2,299.9
World,1977,1451.7,300.7
World,1978,1466,301.5
World,1979,1480.3,302.1
World,1980,1495.3,302.6
World,1981,1511.4,303
World,1982,1528.1,303.4
World,1983,1544.6,303.7
World,1984,1560.6,304.1
World,1985,1575.9,304.5
World,1986,1590.4,305.1
World,1987,1604.1,305.7
World,1988,1616.8,306.3
World,1989,1628.4,307
World,1990,1639.2,307.7
World,1991,1649.2,308.4
World,1992,1658.4,309.1
World,1993,1665.9,309.8
World,1994,1671.9,310.5
World,1995,1677.2,311.2
World,1996,1682,312
World,1997,1687.1,312.8
World,1998,1692.9,313.7
World,1999,1698.7,314.6
World,2000,1703.4,315.4
World,2001,1706.5,316.2
World,2002,1708.3,317
World,2003,1709.1,317.8
World,2004,1709.7,318.6
