Entity,Year,Total number of deaths from heart diseases,Total number of deaths from cancers,Total number of deaths from chronic respiratory diseases,Total number of deaths from digestive diseases,Total number of deaths from diabetes and kidney diseases,Total number of deaths from neurological disorders,Total number of deaths from other non-communicable diseases,Total number of deaths from pneumonia,Total number of deaths from diarrheal diseases,Total number of deaths from tuberculosis,Total number of deaths from HIV/AIDS,Total number of deaths from malaria,Total number of deaths from neonatal disorders,Total number of deaths from maternal disorders,Total number of deaths from nutritional deficiencies,Total number of deaths from transport injuries,Total number of deaths from other injuries,Total number of deaths from suicide,Total number of deaths from other infectious diseases,Total number of deaths from interpersonal violence
Brazil,1980,225119,84276.28,24175.373,32826.484,30313.814,14247.414,25870.602,66464.125,106008.586,11367.699,1415.2994,1406.6694,80926.086,5903.4805,18961.504,35697.133,28480.033,7713.1157,36117.72,26214.604
Brazil,1981,215109.4,81826.06,23648.324,31093.025,29815.28,14298.492,25370.299,62466.227,97327.77,10304.821,1385.8169,1268.0616,77564.445,6347.8584,17612.406,33554.168,26960.701,7526.5913,33106.75,25712.617
Brazil,1982,215149.47,83263.805,24150.309,31245.895,30179.256,14713.989,25311.188,59859.484,91223.28,9548.805,1446.0001,1418.3046,74908.875,5349.478,16748.111,33268.953,26644.816,7388.699,31080.477,26235.629
Brazil,1983,229243.31,88379.5,26119.078,33400.133,31871.432,15905.249,26205.83,59727.402,88639.016,9364.216,1577.5336,1888.2019,73708.18,3653.8052,17680.84,34620.297,28390.29,7887.11,30728.031,28297.629
Brazil,1984,240838.81,92565.805,28358.021,35235.895,33427.86,17034.525,26972.879,60278.62,85629.03,9249.692,1738.5315,1997.0656,72318.53,5085.1387,18035.836,36733.066,29440.266,8083.122,30379.73,30757.883
Brazil,1985,244670.4,95312.18,29591.219,36100.188,34543.258,17818.18,27138.82,58596.246,77401.53,8903.778,1972.0028,1949.5912,68006.72,4206.6475,17123.896,39279.184,29693.24,8180.7695,28774.627,31887.277
Brazil,1986,245079.36,97576.79,30807.56,37062.293,35428.855,18730.197,27684.154,58149.92,72374.734,8690.624,2355.9055,2128.2498,66312.59,4375.075,16647.457,42224.95,29752.445,8432.317,27730.746,33719.75
Brazil,1987,248345.16,100513.875,31550.006,37800.703,36294.457,19597.988,28150.627,57284.07,66450.56,8534.104,2917.4297,2120.8381,65569.266,3900.8699,16355.441,42194.13,29854.758,8527.475,26577.848,35099.746
Brazil,1988,258724.45,104979.55,33783.207,38999.6,37972.188,20915.762,28744.516,58071.6,59918.62,8574.18,3821.2026,2008.4839,63821.062,4862.8706,15942.142,42422.88,30613.229,8567.302,25865.39,36309.984
Brazil,1989,256475.64,107758.88,34012.363,38959.293,38848.848,21403.223,28863.943,55425.605,51484.785,8400.355,5162.8794,1937.089,59888.824,3631.6843,14749.71,42464.51,30647.217,8376.209,24962.926,39056.984
Brazil,1990,254332.8,110275.84,35818.113,38636.668,40385.742,22399.03,28967.203,53880.19,43942.07,8156.0615,6801.6724,2912.5923,56391.53,3641.66,13605.524,40559.523,30327.693,8053.8496,23954.637,40191.492
Brazil,1991,249418.9,112680.93,36116.996,39029.04,41197.46,23045.12,29210.148,51104.746,38853.953,8052.375,8727.158,2687.7378,54189.586,3418.6716,12747.466,39662.652,30427.223,8340.489,22962.6,39946.777
Brazil,1992,256684.72,118163.016,38560.445,40549.71,43214.207,24268.828,30150.96,52799.242,36622.55,8151.885,10799.145,2693.0369,55014.305,3156.6792,12903.41,39009.535,30614.354,8689.688,22681.512,39604.07
Brazil,1993,269924.4,123826.445,42753.73,42863.9,46129.582,25960.291,31746.04,56487.008,36022.6,8571.323,13072.115,2437.5693,56845.09,3162.37,13142.731,40390.35,31043.83,9167.957,23029.684,41824.35
Brazil,1994,270585.75,126540.54,44383.58,43545.492,47550.797,26828.248,32580.55,56773.57,32929.57,8689.382,14958.159,2398.5625,57001.395,3384.2534,12661.922,41896.15,31712.297,9448.924,22924.21,43272.81
Brazil,1995,269914.6,128707.41,47206.004,44224.156,49098.555,27887.225,33302.633,55008.555,27806.652,8590.138,16314.544,2249.7021,55105.406,2833.8188,11830.547,43916.094,32831.473,9546.871,22581.945,45424.824
Brazil,1996,274157.16,131202.55,51729.3,45818.24,51707.79,29299.984,34553.14,52018.14,23034.812,8328.805,16407.29,1697.3174,53011.395,2069.2295,11429.93,45529.812,33203.195,9456.328,21914.096,46875.594
Brazil,1997,274695.4,134966.78,53152.95,46107.82,52977.293,30481.947,35551.715,48764.832,20139.387,8348.766,15357.479,1327.6941,51655.45,2261.338,11508.471,44349.426,32872.594,9489.001,21052.31,48546.824
Brazil,1998,281329.66,140448.8,56277,47194.465,55087.016,32190.57,36932.957,48602.38,19210.889,8429.368,14575.565,1405.3246,51375.906,2387.0942,11711.266,41364.008,32711.357,9714.874,20387.297,51052.44
Brazil,1999,284584.56,145852.48,56602.633,48686.26,58143.36,33533.266,38520.875,47263.992,17030.662,8346.084,14215.373,1686.1854,50857.953,2311.7815,11468.765,40502.625,32850.61,9539.542,19364.184,51844.68
Brazil,2000,285250.53,150754.34,55586.004,50030.04,61337.684,35068.594,40362.89,46294.406,14552.617,7935.366,14137.595,1736.8112,49855.383,2095.748,10957.438,39878.004,32383.018,9679.92,18231.412,54116.254
Brazil,2001,288692.47,156297.92,56122.87,51592.113,62970.21,36963.266,41997.62,46566.285,13177.57,7680.649,14300.282,897.1395,48136.793,2029.0553,10910.692,40170.168,32075.148,10130.761,17499.99,56657.32
Brazil,2002,293148.25,161229.5,57467.816,52898.316,64645.48,39031.98,43124.52,47836.184,12288.429,7404.136,14510.444,695.1532,46242.016,2045.3402,10624.298,41456.08,32334.018,10261.738,16941.691,58627.12
Brazil,2003,299797.47,166910.1,59020.977,54374.234,66364.92,40966.477,44287.242,49024.26,11699.165,7237.4165,14629.512,645.29364,44618.9,2025.1321,10501.601,42299.66,32294.13,10347.61,16488.305,58861.85
Brazil,2004,305576.97,172309.27,59863.973,55813.47,68030.19,42880.703,45309.953,50337.57,10714.525,7052.99,14671.865,700.2188,42679.652,2095.1826,9923.872,43287.76,32556.838,10546.036,16371.56,57149.984
Brazil,2005,300044.03,174755.05,57442.297,55962.44,67738.01,43879.477,45856.05,48996.42,9946.049,6660.91,14481.934,836.85657,40426.08,2070.0212,8967.704,43384.67,31572.172,10767.91,15913.9795,55912.645
Brazil,2006,306520.97,179844.55,57268.11,56848.957,70109.72,46467.38,47034.168,51548.117,9386.826,6432.7793,14561.338,779.02423,38316.523,1999.0828,8259.479,43478.85,31485.248,10893.999,15576.86,55535.75
Brazil,2007,311284.2,185393.4,56941.47,58257.418,72806.625,48559.863,48281.188,53103.047,8352.89,6274.3135,14751.982,576.18536,36310.203,1952.8192,7863.477,44275.12,32036.459,11253.971,15526.448,55947.246
Brazil,2008,317236.1,191589.03,56794.016,59818.53,75898.38,50797.727,50169.77,54935.484,7731.6035,6243.1504,15082.591,321.24374,34581.605,2046.433,7516.8984,45144.055,33207.977,11616.851,15383.758,57389.992
Brazil,2009,321333.88,196871.16,57835.668,61055.35,79065.89,53319.46,52324.918,59874.22,7059.0522,6186.506,15255.711,330.33844,33095.72,2185.517,7349.616,45914.945,35331.035,11806.585,15292.412,59037.97
Brazil,2010,328466.53,204669.7,59959.95,63206.703,83113.54,56522.88,55367.945,63389.598,6557.03,6015.6377,15367.798,307.74942,31631.287,2049.604,7285.4253,48610.445,36837.223,11813.554,15140.555,59169.32
Brazil,2011,334245.53,211475.62,62051.59,64758.7,86159.31,59453.215,57758.97,67261.19,5972.5615,5890.5654,15533.914,269.26422,30390.45,2003.7723,7165.538,49929.56,39148.566,12188.596,14817.033,59481.664
Brazil,2012,332408.03,216623.45,61352.617,65411.29,86063.01,61505.23,59301.332,69392.234,5925.2466,5734.7075,15624.35,263.95682,29562.729,1965.993,6924.147,50333.44,37583.203,12510.695,14370.807,62176.23
Brazil,2013,336346.47,223030.67,62783.793,66738.39,87862.695,64590.023,61389.9,74277,6075.0737,5752.384,15840.868,203.78423,28956.775,2082.7126,6921.507,49397.3,39154.94,12749.292,14013.386,63284.105
Brazil,2014,338272.25,228159.02,63011.348,67452.7,88629.086,67029.586,63577.55,77631.94,5776.372,5650.2324,15835.479,142.41232,28096.818,2153.6746,6662.165,48299.914,40548.4,12944.159,13753.045,64974.543
Brazil,2015,347434.8,237557.39,65685.12,69407.49,91848.35,71107.53,67221.586,83219.984,5790.5,5656.618,15774.423,113.03624,27280.455,2113.156,6615.6396,44656.977,42155.47,13441.802,13711.469,65875.69
Brazil,2016,356552.66,245596.77,67851.02,71111.97,95732.33,74390.79,70500.88,88319.734,5975.8394,5671.321,15749.869,80.29507,26563.492,2079.5854,6492.405,42608.316,44521.38,14191.96,13841.991,67858.87
Brazil,2017,355129.1,250096.08,68292.086,70914.52,98147.27,77148.984,71843.21,86657.85,5947.618,5681.9663,15178.104,99.09369,25783.766,2135.3025,6083.0605,41114.074,45977.062,14884.139,14018.148,67376.73
Brazil,2018,353794.03,255499.4,67984.945,71247.51,100662.055,79287.95,73778.81,86981.33,5804.6055,5628.1294,14708.204,88.332436,24637.686,2086.1118,5668.1323,38947.215,47364.176,15569.381,13877.168,61782.83
Brazil,2019,360328.75,263109.56,70758.07,72562.13,105625.5,84526.94,77548.05,89092.984,5942.255,5749.0933,14510.1455,67.84872,22963.738,2031.2803,5583.3994,38518.504,49445.723,16645.326,13360.222,55744.81
Brazil,2020,357506,261730.78,68341.695,71944.055,108442.51,85528.59,78423.164,307268.2,5515.172,5943.547,14520.334,88.17989,21279.945,2503.0515,5469.701,39236.652,46736.37,17301.322,13012.762,55080.05
Brazil,2021,365938.75,268646.66,66884.51,75070.04,112778.96,90098.945,83012.63,542771.25,5838.6245,6599.634,14423.628,84.51325,20528.361,3622.1272,5676.0996,39541.3,46849.344,18448.045,13254.103,52952.195
Brazil,2022,385768.84,282151.03,73827.63,79501.086,117045,95495.17,88926.33,189125.94,6354.4395,7084.6763,14539.389,67.60222,19810.137,2030.4811,5365.9766,40794.043,51062.44,19762.592,13667.34,52420.492
Brazil,2023,379656.94,289443.3,73935.055,80191.445,115189.96,97622.91,91360.2,110474.87,6699.7964,7250.054,13777.318,86.96026,19875.973,1787.2694,5074.027,40472.25,50931.207,20129.197,13970.123,52229.21
Central African Republic,1980,3253.169,1209.9248,782.37213,1012.18646,632.8519,233.35594,971.71967,4709.643,5227.1245,5086.975,3.3608627,1552.6775,3587.011,1319.3888,385.121,2204.319,1307.3539,273.53726,7480.99,231.53523
Central African Republic,1981,3278.0544,1222.688,789.77844,1020.94244,640.3539,235.56319,986.0203,4763.5146,5171.6006,5095.949,8.0469,1566.9888,3628.6313,1322.5928,386.75497,2244.6875,1325.9456,279.31183,7316.2637,238.39531
Central African Republic,1982,3303.6082,1232.9867,795.82635,1026.8234,647.28845,237.6279,998.79333,4807.6763,5106.0454,5114.695,18.751486,1581.7183,3671.082,1326.3708,388.49707,2252.4646,1333.5364,283.5732,7341.659,244.32706
Central African Republic,1983,3239.9392,1197.0104,793.9188,1011.2786,638.163,234.28117,1001.3542,4844.5527,5043.2544,5040.835,41.222225,1608.2815,3716.1548,1271.8843,390.28262,2110.0933,1295.9469,276.70038,8015.0347,243.95769
Central African Republic,1984,3245.8992,1205.7303,805.2747,1027.6836,646.6708,236.82729,1017.78546,4899.6665,4996.345,5098.772,89.69917,1642.5803,3760.5173,1290.3258,395.37955,2095.2957,1307.867,282.95108,7987.7114,249.22054
Central African Republic,1985,3246.7559,1210.661,812.96387,1036.1298,653.0362,239.3411,1041.9706,4965.9087,4982.551,5135.779,183.7131,1701.444,3872.869,1290.0385,400.71182,2096.8687,1325.0582,288.29352,8073.791,256.6389
Central African Republic,1986,3309.922,1246.0403,834.8299,1070.6096,675.4612,247.433,1077.2415,5046.6094,5005.457,5313.5146,369.3949,1797.5453,3975.0286,1369.4792,409.74582,2208.0642,1383.7212,305.57782,7439.1343,277.75482
Central African Republic,1987,3309.6982,1244.5048,847.34436,1077.8247,681.5888,249.56714,1080.4952,5011.7876,4938.1387,5372.221,674.6972,1884.2051,3970.3718,1381.6985,408.4501,2129.1519,1384.9938,311.2086,7292.379,288.14215
Central African Republic,1988,3225.2056,1205.1263,857.834,1074.6832,675.59973,247.82677,1086.9427,5009.541,4906.4614,5387.0166,1137.285,1992.4386,3994.1855,1363.6981,410.00797,1992.0881,1350.0569,311.3822,7468.8105,286.6455
Central African Republic,1989,3198.6636,1204.4337,871.7955,1080.2886,679.4528,249.43486,1118.6575,5111.0366,5017.287,5439.9985,1818.8073,2151.0571,4071.5461,1363.2341,428.0002,1929.3652,1339.2383,318.30304,7418.331,292.98718
Central African Republic,1990,3161.7227,1197.3992,883.76715,1084.5282,681.59686,250.30475,1160.4065,5295.1597,5254.3926,5495.306,2716.5835,2357.418,4148.7656,1361.1991,463.28287,1849.6759,1344.0206,321.9783,7623.368,302.043
Central African Republic,1991,3289.9841,1254.7776,911.1598,1115.1116,707.2281,259.1859,1207.1437,5440.8516,5420.249,5701.1895,3885.826,2560.6326,4207.5317,1424.7876,495.7773,1888.3339,1391.6888,339.58026,7333.3145,317.85532
Central African Republic,1992,3379.3062,1289.9473,928.11633,1129.0765,721.9055,264.0574,1238.7609,5522.621,5515.4126,5841.05,5132.3037,2721.6333,4254.4385,1479.8826,517.37555,1902.2098,1407.2236,349.75418,7642.2124,325.02625
Central African Republic,1993,3567.9531,1363.5679,963.2426,1175.2789,757.82336,276.23575,1286.274,5647.499,5656.2334,6183.1133,6647.7393,2927.0527,4322.7812,1626.8726,543.5761,2016.7871,1466.2614,373.84012,7428.9062,349.74554
Central African Republic,1994,3656.647,1410.5564,982.9465,1202.3661,778.1895,281.80084,1317.8088,5693.665,5693.5776,6409.05,8137.6475,3094.2942,4393.0117,1745.3387,557.4241,2107.5596,1485.5061,390.47113,7614.843,363.7481
Central African Republic,1995,3650.6235,1422.2529,985.7392,1206.5562,780.7141,281.66736,1320.4933,5636.7476,5879.702,6514.1187,9460.278,3229.6304,4425.9487,1831.2916,556.7892,2111.0063,1465.0189,396.3676,8212.52,367.4278
Central African Republic,1996,3785.1006,1486.1077,1005.9975,1237.9573,806.48944,289.8967,1332.764,5635.0576,6172.192,6809.287,10946.127,3426.302,4440.932,2000.1226,568.80975,2222.2046,1553.3787,414.32413,7951.25,387.94537
Central African Republic,1997,3765.6704,1480.5221,1001.30524,1228.6923,801.8592,289.13593,1316.4512,5540.213,6433.8,6816.08,11860.85,3583.0364,4472.2476,2056.6152,562.25543,2240.1929,1599.119,413.21646,8433.011,390.1694
Central African Republic,1998,3874.22,1529.8579,1018.6019,1250.0524,821.2897,296.96735,1331.6935,5541.903,6670.4155,6935.0435,12946.492,3837.0334,4588.433,2188.9553,570.62775,2364.2214,1505.1495,426.6048,8079.9336,411.59613
Central African Republic,1999,3941.9177,1564.3431,1031.9662,1265.3702,834.8712,302.96176,1343.9863,5540.725,6930.527,6994.2056,13738.596,4106.984,4712.3003,2277.6494,578.6881,2485.9924,1506.1841,437.53983,7794.2217,421.04944
Central African Republic,2000,3902.116,1549.2949,1034.1558,1256.3209,828.2574,302.19772,1333.4254,5490.8696,7098.2183,6878.4907,13917.94,4266.5645,4849.7656,2261.414,572.7394,2513.4575,1477.2775,434.50415,8381.924,421.4412
Central African Republic,2001,3915.1013,1555.3873,1041.7979,1262.7009,832.5498,305.7079,1333.2025,5456.704,7332.701,6818.5537,14063.5,4423.693,5040.512,2266.1165,574.82886,2527.4192,1692.3048,439.35654,8399.131,431.3773
Central African Republic,2002,3976.8884,1576.6792,1057.9429,1281.2755,845.6584,312.05264,1327.1843,5385.126,7542.332,6804.6855,14123.287,4816.2026,5202.5093,2273.3252,575.88477,2647.4683,1634.2571,448.03253,7745.072,448.17154
Central African Republic,2003,3938.8325,1561.4417,1056.769,1283.4984,847.55347,313.70148,1328.3125,5297.7866,7592.9634,6717.889,13836.017,5190.3223,5360.82,2254.755,570.33246,2560.819,1533.2953,449.59296,7806.2754,455.92642
Central African Republic,2004,3932.3896,1560.3954,1064.2136,1292.8796,855.57086,317.98914,1353.1652,5264.9883,7733.991,6675.421,13510.222,5458.045,5550.913,2234.1472,569.2236,2496.0635,1480.7859,453.41995,7918.09,462.39972
Central African Republic,2005,3943.498,1562.5853,1078.281,1308.8888,866.70636,323.76172,1382.3757,5248.34,7769.4375,6668.796,12809.345,5659.7666,5684.9546,2206.7798,569.3807,2475.675,1471.1018,460.396,7963.323,471.45926
Central African Republic,2006,3996.9026,1585.7181,1107.6285,1343.471,891.7688,336.1198,1454.8988,5446.5713,8211.166,6729.992,12041.567,5970.803,5859.878,2194.5288,588.8336,2525.1802,1751.9187,473.94614,6730.1504,487.27258
Central African Republic,2007,4008.971,1591.1755,1126.1005,1371.9209,906.8128,343.70642,1505.1757,5524.2363,8413.987,6703.71,10846.144,6032.6978,5965.31,2136.0945,582.9258,2490.9182,1704.7397,479.9813,6572.1494,498.6168
Central African Republic,2008,4019.4558,1588.2616,1141.2745,1392.597,917.0817,349.0145,1538.0837,5524.982,8490.024,6653.9087,9203.658,5794.622,6062.61,2050.3125,564.4518,2433.2048,1563.512,478.7538,6985.876,490.40915
Central African Republic,2009,4159.6074,1643.2552,1169.0939,1433.2592,951.5836,361.2796,1593.2341,5646.1973,8654.633,6760.7305,8748.702,5735.3916,6190.95,2075.108,559.5975,2428.5625,1851.8914,491.07608,6623.909,508.0249
Central African Republic,2010,4463.4443,1765.2911,1219.6318,1502.9862,1016.15466,382.0256,1672.4045,5856.1665,8812.385,7063.7866,9523.674,5512.3486,6343.4004,2198.5793,564.0614,2510.2993,1856.6608,519.6021,6111.503,536.97906
Central African Republic,2011,4711.443,1856.5442,1258.0494,1549.4862,1065.0872,396.0207,1725.2227,5957.935,8751.398,7254.761,10272.273,5222.7017,6462.2896,2281.2546,555.3471,2571.6936,1876.0483,541.64825,6266.7617,610.238
Central African Republic,2012,4810.738,1892.1573,1279.1521,1570.206,1089.1875,402.93,1758.4761,6037.669,8602,7276.907,10394.821,5088.314,6545.4434,2292.7905,543.36786,2519.1606,1883.4209,554.25867,6448.2397,543.85535
Central African Republic,2013,4931.405,1964.0159,1316.7194,1628.8363,1135.9214,417.23965,1811.8674,6283.573,8787.666,7621.0947,10218.267,5022.481,6733.982,2406.7524,551.53937,2495.2769,4964.295,585.06415,6497.51,952.6541
Central African Republic,2014,4990.0137,2006.7122,1347.3279,1670.5417,1166.8594,425.7804,1829.2716,6397.035,8859.39,7812.67,9194.219,5036.8857,6762.0938,2436.3728,547.89685,2539.9824,4386.323,601.58185,6822.315,1683.6984
Central African Republic,2015,5233.294,2067.7935,1399.1754,1704.6849,1197.5902,433.93008,1821.1405,6428.9175,8797.236,7923.852,7928.9507,4824.723,6598.411,2411.6116,540.99945,2513.722,2354.4304,606.6765,6720.1045,891.1227
Central African Republic,2016,5273.4453,2142.2236,1425.4255,1740.1863,1232.2983,445.0883,1826.8331,6415.702,8702.659,7996.037,7282.6953,4631.994,6637.443,2411.7932,533.38257,2349.5447,2328.4065,608.4209,7003.8164,843.3029
Central African Republic,2017,5436.719,2253.357,1471.0524,1790.8064,1281.1853,463.04166,1905.8448,6706.808,9034.166,8124.613,7031.0854,4789.633,6923.8735,2454.9001,553.1288,2509.9934,2776.405,619.70166,6556.827,1740.5995
Central African Republic,2018,5480.7324,2318.6748,1509.29,1837.593,1319.4054,478.83664,1950.5443,6736.718,9115.877,8168.417,6934.288,5138.836,7025.6353,2461.5837,558.42816,2464.7676,2304.0654,632.4717,6281.767,1000.051
Central African Republic,2019,5728.3296,2428.077,1574.2128,1898.4061,1370.076,498.15234,1991.0536,6716.9365,9050.664,8241.68,6412.193,5060.0215,7089.0283,2470.4521,560.2097,2527.0173,2516.1396,650.35114,6632.664,720.10864
Central African Republic,2020,5887.3374,2550.0017,1597.9478,2000.6345,1441.8625,527.44763,2173.497,7769.3447,9824.674,8482.6045,6072.4316,5348.795,7428.0703,2509.1772,617.42706,2625.3682,2309.6326,682.0001,5405.0137,958.23834
Central African Republic,2021,5906.711,2635.7046,1626.1726,2093.299,1495.3484,549.0506,2292.9272,7507.2393,10178.164,8562.555,5992.3394,5549.447,7790.2373,2527.6333,654.1864,2693.576,3499.952,730.36615,4822.076,821.13654
Central African Republic,2022,6702.892,2999.5178,1673.7356,2047.7922,1565.6945,564.43134,2275.4875,7017.0215,9511.068,8229.14,5482.802,5522.5205,7720.9766,2490.219,618.4192,2878.9062,3070.2756,719.1498,5363.6807,803.2335
Central African Republic,2023,7056.2974,3199.9517,1735.0616,2046.2405,1623.7699,578.4837,2314.8384,7217.34,9069.309,8202.147,5029.155,5575.158,7766.6284,2486.9807,616.1861,2977.7178,2739.0076,729.94257,5624.771,801.1447
China,1980,3039737.2,1313532.4,534927.44,281724.53,191463.2,118333.39,218892.83,535778.06,178677.9,217705.25,0,701.9445,392544.5,38784.586,16035.462,308002.9,461637.47,178139.61,277913.97,50009.336
China,1981,3034229.5,1336398.4,553229.2,285085.4,191713.34,123175.234,216832.88,514158.6,164491.38,212481.66,0,694.035,372588.5,36887.082,15540.965,312869.72,438149.44,183713.27,253112.73,50153.387
China,1982,3031519.2,1354887.2,567833.8,284588.9,191623.86,127184.17,216232.38,503067.56,153472.22,206909.8,1.9200119,672.6364,367466.62,34546.082,15048.109,320445.75,421114.6,184825.02,235082.12,49588.164
China,1983,3012996.5,1365558.5,579138.8,283661.97,190763.44,130116.5,220175.22,510408.2,148907.73,203894.64,41.672203,635.1448,380121.06,34520.457,14966.276,326726.25,412491.6,187004.06,224212.45,48990.87
China,1984,2987408.8,1378444.5,590850.6,283312.47,189597.89,133471.06,226960.06,524441,146562.33,200195.3,106.214745,731.7158,395674.03,34473.977,15198.425,331623.6,403321.06,189532.25,218648.48,47888.016
China,1985,2961914.2,1398955.1,602492.06,282949.16,188378.69,137857.4,233444.94,529095.1,141550.67,193696.3,210.82872,410.08478,400153.03,33444.91,15350.528,336721.4,396441.06,193665.25,194876.05,47548.668
China,1986,2969026.2,1437665.4,616275.1,282534.66,188544.08,144103.89,237945.16,522981.16,133233.89,185564.6,355.58087,401.43005,392931.25,31772.242,15309.954,343794.5,387112.62,198111.92,177610.44,46940.547
China,1987,3023676.2,1494175.1,642978.9,288286.03,191329.17,152037.4,243754.28,520825.5,125049.016,182340.14,543.44617,344.00638,388420.3,30705.059,15379.589,352512.3,385070.97,206096.89,165149.72,47354.15
China,1988,3116421.2,1570851,665699.06,292739,195821.42,160285.58,251633.38,522154.94,115152.73,179185.67,808.4476,233.87875,387320.28,29843.518,17038.334,367775,381405.56,213404.61,157571.98,47309.97
China,1989,3218284.2,1652384.9,691022.44,298383.12,201257.55,169271.58,261309.62,528297.2,108254.95,178397.25,1123.6705,175.72382,388665.56,29325.496,15941.679,382410.9,387658.47,221933,151469.44,47732.957
China,1990,3303962.5,1714361.9,703399.7,297625.16,204053.53,175798.9,265802.06,524533.4,99779.79,174627.95,1514.1207,253.89977,378345.9,27591.99,15981.282,393228.8,383033.03,224893.77,145135.03,47720.246
China,1991,3359548.8,1756668.4,720844.56,297932.16,205531.1,181937.94,266823.5,510300.8,91046.664,170634.81,1948.3032,250.56114,356896.9,25492.74,17542.188,399532.06,377585.56,232886.64,140088.78,46708.02
China,1992,3389853.8,1783863.8,738769.9,297511.22,207319.47,188222.92,264027.7,493800.7,80837.766,163614.86,2456.925,228.55759,335101.28,23961.648,14799.732,402739.47,368823.7,237462.66,131496.02,45164.727
China,1993,3393919.5,1805812.1,756251.25,296411.7,208448.66,194183.28,260832.9,474141.8,72664.51,154683,3021.2793,156.30475,314316.94,22147.37,14120.51,402521.9,365470.62,240136.45,124258.59,43872.52
China,1994,3394745.5,1829925.6,772536.8,295011.53,210594.2,200548.78,258020.28,455203.8,64448.062,144839.7,3626.4753,124.39,292710.8,21007.045,13514.189,401917,360244.12,241533.94,115850.28,43113.19
China,1995,3389901,1853256,789886.5,293523.62,213143.3,207071.62,251672.1,432364.72,57341.754,135295.53,4326.537,118.35378,268210.66,18263.035,12777.048,399933.8,350771.22,239264.36,106041.94,41322.223
China,1996,3387992.8,1876771.4,810289.3,291368.88,216738.36,214431.78,242578.08,404460.75,50458.25,125637.82,5075.448,73.52477,242076.5,17021.646,11966.887,396866.47,345681.75,233581.66,96346.79,39059.547
China,1997,3397526.5,1902312.9,834058.44,289693.12,221873.72,222240.75,233667.33,375506.28,44390.574,116915.836,5899.679,38.677708,216849.53,16493.049,11203.791,393653.7,334274.03,227477.67,86575.586,37631.734
China,1998,3412684,1931903,865081.8,290687.94,228475.34,230610.64,224222.22,348669.94,40396.06,110816.39,6903.07,51.592808,195779.22,14317.671,10608.87,389930.22,332050.06,222999.81,77927.76,36500.133
China,1999,3433431.8,1969100.1,901542.3,293069.44,235554.61,240480.36,216794.97,324120.12,36437.047,106488.65,8111.8184,56.397507,177406.4,13814.047,10184.849,387018.34,324956.97,218494.33,70740.67,34944.926
China,2000,3450210.5,2006520.4,950626.4,297803.8,242554.55,252431.11,211157.03,304637.28,33309.46,103475.56,9591.79,22.093925,164218.86,12140.152,9890.756,385014.4,324239.44,213802.7,62823.695,33173.527
China,2001,3450527.8,2032336.8,993070.06,299025.88,247348.38,263981.2,212721.6,286452.66,29661.463,99900.37,11255.478,25.8432,153437.7,11379.901,9609.3,383638.84,326121.88,204524.25,57108.266,30861.223
China,2002,3410759,2032443.6,1028667.25,300059.03,249671.81,273450.06,208448.88,266549.62,26006.812,96471.39,12489.316,44.60963,141056.73,9761.456,9219.478,380574.38,328186.3,197282.22,51296.742,29504.795
China,2003,3377609,2028366.9,1065760.9,303412.25,250689.98,287649.75,197756.45,249781.19,22776.27,93185.63,13306.713,34.572395,130720.96,10355.534,9078.557,376486.28,331740.9,190636.8,47463.64,29175.148
China,2004,3291860,2018517.9,1099754.6,306875.4,250350.14,302501.7,190536.56,233753.73,19991.355,88102.3,15169.761,39.586365,120643.05,9268.133,8910.46,370381.9,330872.2,186415.05,43731.42,28447.836
China,2005,3257527.5,2021911.5,1094070.9,300934.38,248721.84,314749.72,183787.25,218625.23,17170.994,79760.42,17023.383,35.352215,113016.79,8474.118,8780.343,364647.3,328636.94,175968.44,41485.81,26357.38
China,2006,3273929,2045966.1,1048879.2,287764.44,246370.3,321579.03,176157.03,201663.47,14535.79,69809.6,16037.385,28.870722,105571.85,6763.27,9347.549,358314.2,323518.4,162421.6,38707.664,24039.744
China,2007,3330740.2,2086480.6,1027764.8,277569.38,248007.69,335457.97,167940.39,192356.08,12185.711,62865.77,15757.563,17.630808,98040.05,6544.888,9188.991,348833.5,318093.4,151478.92,36979.156,21936.393
China,2008,3374560,2090720.2,1016598.5,270690.47,250647.33,352091.7,159176.23,186916.4,10154.413,58539.695,17018.47,12.266591,89467.21,5109.59,9104.857,336109.78,395829.66,142134.53,35694.508,19975.836
China,2009,3432094.8,2091480.8,1005466.1,263262,254580,368679.75,150679.78,181840.94,8502.68,55038.035,16748.521,8.252372,78772.27,4162.9966,9257.246,320512.8,298467.56,133554.28,33910.6,18718.984
China,2010,3454157.2,2071882.2,986925.4,255107.06,255793.84,386493.9,139046.48,174898.06,7133.177,50548.6,16901.424,11.63709,63904.78,3224.3743,9396.635,303891.25,292914.34,125596.63,31367.896,16633.922
China,2011,3500220.8,2041996,960928.7,246050.48,255256.55,399756.5,129806.65,167902.95,6080.3823,45854.86,16972.68,0.9240491,55210.184,2540.2393,9982.156,286887.28,273554.53,118108.1,28945.895,14736.312
China,2012,3509304.5,2035114.1,931684.56,240594.92,258393.53,416104.8,125093,165108.34,5589.8843,42629.54,15940.287,0.18452278,53769.29,2363.3174,10652.726,271116.3,270430.97,112441.484,27407.258,13166.357
China,2013,3620366.2,2011594.4,911797.6,231155.27,255945.92,423769.9,120664.98,160094.05,5063.757,38847.703,16912.541,0.0882297,49784.754,1986.7103,11042.587,251716.94,263607.8,106228.63,25774.416,11905.908
China,2014,3689418.2,2051012.6,901035.8,229611.92,263484.66,447766.06,117422.98,159894.31,4658.2783,36901.676,21137.307,0.016184455,44883.39,2102.171,12057.635,238828.2,264007.06,104025.01,24898.863,10913.438
China,2015,3860934.2,2123295.2,894426.5,231027.83,274622.88,472805.8,116441.875,160464.1,4457.7397,35857.203,25673.281,0.0032674293,42740.195,1824.8582,13589.21,229371.47,268249.7,102135.055,24633.39,10095.303
China,2016,4135936.8,2243562.5,904509.7,236433.64,290998.78,507667.97,117452.94,163019.92,4392.5073,35191.984,29482.941,0,39304.594,1894.0459,15511.229,221950.25,277819.53,101854,24606.322,9447.51
China,2017,4322244,2321818.2,907937.9,238138.27,299653.28,536420,115474.5,162586.94,4154.3877,33446.152,31924.986,0,31794.143,1778.3871,17416.941,211064.84,278519.78,101445.75,23575.754,8806.945
China,2018,4172730.8,2290427.5,901080.2,239841.34,299260.2,557845.5,112199.54,161713.31,3905.7786,31686.914,33174.766,0,24366.166,1507.6593,15880.957,197199.27,268449.8,101748.94,22304.615,8219.564
China,2019,3925075.2,2203424.8,897665.56,240329.53,294565.5,572935.8,106487.75,160666.25,3695.3425,29805.104,33506.516,0,18271.16,1335.5034,14713.294,178733.55,253410.64,101910.59,20972.797,7772.605
China,2020,3815343.8,2175502.5,851418.6,244029.2,297287.72,603640.9,103817,211185.16,3593.729,28399.39,33669.58,0,14133.908,1130.8127,14829.993,166022.1,245416.19,101370.945,19147.443,7535.6323
China,2021,4294535,2401100.8,909517.3,251602.84,319404.84,684519.1,107212.33,154067.98,3543.8477,27769.041,33210.363,0,11301.822,985.15594,16466.082,171978.36,260525.72,104197.7,19178.947,7365.014
China,2022,4545362.5,2629376.8,1013254.9,259897.66,341788.62,742110.7,112681.43,186068.11,3595.4219,27661.682,32444.006,0,10408.225,1013.40045,17492.193,180002.23,269881.16,103483.805,20306.152,7579.969
China,2023,4521983.5,2575473.5,1046555.44,237356.78,333924.94,723382.1,108483.93,474656.66,3272.9111,24751.732,30128.047,0,10353.276,957.98755,17052.316,168649.89,262199.9,95462.17,19132.67,7014.422
France,1980,202546,148868.05,22211.475,37717.227,15893.911,23825.727,17828.418,11701.591,603.43787,3122.0413,221.86693,0,3321.9092,159.56256,2114.0159,14824.17,26656.598,12481.638,2180.412,852.49927
France,1981,203762.67,151257.72,22389.33,37541.61,16025.488,24782.617,18084.883,13445.017,663.29553,3094.5303,221.40076,0,3197.2476,162.47453,2149.3872,14658.421,26847.19,12767.54,2120.6597,878.425
France,1982,198379.84,151001.58,21631.914,36201.28,15642.722,25132.717,17959.326,12463.523,699.4916,2925.452,227.79602,0,2939.5583,148.35486,2055.176,14395.028,26308.41,13424.141,2066.1094,949.14606
France,1983,202930.31,154672.92,21909.594,36361.906,15893.222,26514.88,18354.672,14234.769,704.75726,2884.7566,259.83783,8.183681,2664.8726,141.64948,2130.9927,14199.153,26742.213,13992.514,2062.8315,989.12964
France,1984,195542.28,153543.86,21063.955,34535.152,15496.662,26753.281,17918.545,13977.035,673.8581,2707.4646,329.25983,1.1447897,2520.4395,135.48558,2106.5938,13788.301,25827.06,14302.932,1998.0131,1011.7446
France,1985,197792.6,156225.47,21421.412,33531.47,15468.425,27920.398,17889.562,16413.652,718.2998,2700.7278,467.98895,1.4484152,2442.2683,119.31236,2189.3608,13127.898,26046.912,14567.599,1980.3126,987.67255
France,1986,192356.7,156909.28,21235.305,32195.205,15000.325,28611.525,17727.887,17886.895,774.3589,2609.962,712.75085,12.168414,2313.6921,110.47737,2214.6377,12760.691,25607.805,14527.885,1926.4265,935.51794
France,1987,182492.39,156383.84,20134.324,30438.2,14374.932,28616.076,17216.793,16316.641,786.7517,2406.9143,1063.0033,10.9574795,2221.4905,98.07817,2117.9736,12254.599,24484.713,14140.399,1823.1693,889.07153
France,1988,177601.9,157327.05,19960.678,29643.174,14331.741,29418.021,17265.908,16634.14,811.4673,2405.7722,1531.3573,13.867182,2206.6758,98.671394,2118.3667,12445.602,24481.578,13734.867,1763.4995,874.2687
France,1989,175993.1,159151.1,20486.031,29202.928,14505.067,30574.225,17466.805,17596.969,878.9537,2391.3298,2137.3936,8.562685,2173.0747,89.72714,2233.914,12485.451,25133.99,13745.963,1713.2443,918.7799
France,1990,171670.6,159469.33,20351.15,28364.389,14616.425,31309.85,17613.598,18831.236,1053.0479,2345.7095,2849.486,6.029681,2128.3513,99.87908,2408.829,12084.653,25179.645,13674.577,1663.7754,935.02515
France,1991,169291.44,160040.67,20145.803,27747.54,14379.481,31872.553,17462.344,18752.195,1179.1733,2254.819,3597.138,9.711934,2033.612,104.524216,2499.6348,11600.93,24887.072,13732.493,1674.1332,938.1947
France,1992,166115.05,160998.7,20417.016,27231.496,14114.37,32464.316,17152.59,19364.293,1275.3462,2286.7495,4297.034,0,1853.5807,104.758026,2603.182,10990.5625,24351.514,13901.144,1710.1975,941.66876
France,1993,167822.62,163518.16,21261.545,27430.62,14645.592,33670.027,17454.512,20588.252,1291.9531,2419.8445,4817.4897,1.1101594,1678.3191,84.70058,2703.1055,10550.987,24368.5,14241.469,1698.5624,940.1178
France,1994,162353.33,161509.1,21097.121,26936.662,14506.296,33647.27,17351.492,19864.965,1252.8431,2418.905,4999.624,7.7412996,1547.2427,92.65577,2704.0466,10122.062,23443.451,14227.13,1729.8773,959.38464
France,1995,165623.44,164791.06,22094.943,27569.871,14993.667,34862.965,17607.432,20962.377,1317.6586,2419.09,4419.864,1.087534,1456.3203,88.48378,2888.3936,9890.607,23715.957,14001.308,1743.7515,925.3038
France,1996,166688.7,166295.47,22953.531,27813.744,15377.375,35563.496,17700.145,22150.582,1317.47,2355.9553,3223.7368,9.667012,1386.1722,102.57406,2977.3037,9618.667,23854.486,13582.203,1738.1494,852.4862
France,1997,163914.22,165480.58,23176.049,27567.768,15714.968,35856.66,17793.086,22832.508,1300.212,2324.3784,2137.2751,9.173093,1361.4109,84.284836,3017.7627,9432.954,23701.309,13156.3545,1700.8806,801.5927
France,1998,162385.88,167272.1,23284.521,27668.79,17182.44,35832.23,18341.252,22707.809,1386.5134,2294.9177,1601.703,9.586591,1372.071,86.838005,2960.2056,9597.475,24187.973,12795.829,1632.3397,731.42395
France,1999,162861.31,169138.72,22449.271,27485.932,18671.744,36850.88,19136.848,22783.832,1441.2615,2163.177,1368.6831,10.180978,1430.151,69.47907,3074.6277,9437.361,24343.736,12470.359,1626.1986,701.70856
France,2000,160605.28,169945.53,18359.514,27300.803,20553.104,37750.31,19918.168,20777.438,1588.2273,1863.5356,1282.7144,6.92787,1528.1544,61.09857,3232.4746,9240.041,23185.621,12060.858,1536.355,669.12305
France,2001,159360.22,171620.77,16947.969,27546.713,21559.338,38509.996,20398.031,19021.025,1530.559,1750.9559,1260.9857,7.6033387,1587.5698,62.99117,3310.9875,8878.793,23131.475,11884.238,1482.074,667.219
France,2002,158829.22,174619.92,16956.057,27853.068,22406.766,39732.008,20760.977,19490.762,1610.3723,1685.7849,1243.0299,9.479603,1561.2654,72.270386,3418.506,8353.519,23369.496,11948.869,1453.4586,671.16907
France,2003,161693.9,178688.67,17576.553,28386.98,23452.082,41720.227,21376.727,20154.742,1778.5538,1695.4745,1211.6683,10.126464,1506.3625,62.667316,3651.987,7540.762,25522.416,11997.877,1486.4388,648.7437
France,2004,146665.55,172596.27,16289.659,25971.564,21810.799,39919.44,19784.365,17398.4,1642.0973,1462.6278,1140.1611,3.2270076,1451.7416,58.566154,3159.4963,6717.5977,22004.19,11683.766,1377.3846,611.3274
France,2005,150334.53,176964.73,16959.227,26544.457,22634.611,42504.125,20241.887,18875.543,1754.316,1427.0087,1084.4242,2.8126335,1430.7977,53.057697,3320.0698,6372.7896,22733.123,11602.695,1417.5657,581.24615
France,2006,144915.98,176126.5,16319.991,26065.523,22332.713,42641.906,20024.102,17302.5,1854.3402,1301.0986,1010.60455,2.431324,1410.0652,59.982307,3211.4722,5919.152,22354.414,11343.581,1405.3392,568.732
France,2007,145252.55,177736.81,16506.637,26168.338,22634.479,43895.953,20319.33,17605.262,2135.351,1219.2957,926.7468,1.097948,1397.2427,64.183495,3299.0356,5703.953,22441.96,11159.912,1413.823,549.89
France,2008,147813.2,181555.06,16924.35,26950.438,23381.172,45736.977,21057.406,18311.285,2450.2788,1186.3729,839.79364,0,1390.768,55.3257,3554.6116,5506.242,23052.2,11303.815,1450.2081,572.2835
France,2009,146649.95,183536.11,16990.592,27093.674,23542.143,46764.805,21224.984,18821.824,2586.9194,1158.5189,757.95276,2.7895684,1379.4105,62.226006,3695.2463,5379.435,23374.678,11489.467,1481.626,581.2568
France,2010,146615.23,185019.64,17379.951,27634.346,23844.809,48198.79,21512.371,18399.275,2356.4614,1115.9468,689.0499,5.1683316,1382.0059,70.21397,3795.9543,5127.678,24024.99,11598.212,1491.9807,558.6423
France,2011,143970.53,184933.66,17701.387,28066.814,23538.195,49203.297,21072.732,18977.916,1423.4379,1034.7479,636.4573,1.2506651,1381.3751,53.056858,3769.9587,4861.107,23471.074,11488.019,1484.8867,566.2826
France,2012,149413.8,190021.23,18607.201,29107.207,24887.453,52543.043,21652.053,21303.354,1285.2695,959.3859,608.0766,3.5476825,1397.5021,51.510178,4170.3716,4547.599,24579.98,11198.937,1477.1753,557.6088
France,2013,147154.92,189980.56,18738.115,28525.818,25001.104,53472.11,21512.95,21239.484,1155.8723,897.04596,584.46643,3.6690664,1408.5487,48.457508,4211.564,4223.7344,24444.639,10946.721,1429.6725,529.4743
France,2014,142691.95,188816.31,18319.324,27776.693,24682.242,53839.234,21144.316,20226.396,1078.3724,806.80304,552.7927,1.0682158,1420.2095,45.722385,4138.7188,4119.3687,24248.588,10381.721,1383.0664,499.74634
France,2015,150808.58,195590.16,20324.322,29366.207,26529.49,58046.887,22224.004,23381.318,1203.6493,801.54504,525.01184,3.9286802,1423.707,41.258015,4754.981,4139.594,26970.426,10372.2705,1411.7559,498.6809
France,2016,149421.34,195921.22,20850.885,29601.521,26411.898,59236.66,22561.848,23701.104,1192.2217,770.5746,487.58096,3.403643,1427.1283,40.034424,5094.8745,4095.8928,27666.082,10025.266,1469.6216,480.44977
France,2017,150764.31,197328.08,21445.727,30158.39,27008.193,61337.88,23157.305,25569.807,1261.5326,771.2494,449.1524,7.3287807,1460.7233,40.76913,5513.256,3948.5122,28842.078,9991.169,1557.4789,504.83267
France,2018,150419.7,197750.28,21740.445,30309.037,26922.32,62328.934,23296.158,26067.895,1287.558,735.84,425.472,4.705986,1449.6141,39.56855,5763.1064,3665.448,29471.352,10280.644,1622.8496,573.2407
France,2019,149252.81,198792.98,21804.457,30690.014,27494.816,63852.36,23698.258,26119.162,1306.7805,712.883,408.95767,2.223652,1394.0945,34.415916,5903.9927,3484.4272,31562.834,10456.369,1706.6438,597.5619
France,2020,143401.64,196585.58,19315.719,30121.844,27390.326,62354.67,23466.77,95837.08,1184.0496,633.6338,389.14227,0,1335.7023,38.847054,5572.1216,3177.607,31198.936,10458.234,1654.1372,606.6355
France,2021,138553.61,192115.22,19458.76,28986.68,27220.014,63022.117,23545.477,92038.695,1224.8339,617.13617,374.8283,0,1256.1184,36.184658,5776.873,3047.8137,28641.51,10400.419,1681.0116,600.6559
France,2022,151694.2,211234.95,22095.117,31617.262,29688.188,69459.805,26150.52,70882.98,1347.5446,652.6076,394.27667,0,1379.6066,41.470955,6353.18,3411.3071,36278.84,11281.556,1838.579,652.8845
France,2023,146720.5,212413.25,21841.682,31020.396,29382.893,67434.96,25669.281,39630.992,1271.1975,601.90765,383.38663,0,1241.0492,38.048687,5773.333,3491.8071,33260.438,11236.315,1780.018,648.1573
Papua New Guinea,1980,5324.436,1575.7964,1309.8958,413.89917,1208.3308,135.17471,725.6894,3190.2993,1809.8737,1630.855,0,1553.0227,1477.114,500.52985,425.95157,640.2959,1401.6111,75.14517,3892.0703,172.51248
Papua New Guinea,1981,5462.39,1612.591,1372.1265,429.32098,1262.1666,143.33072,751.6046,3205.68,1807.0259,1648.4993,0,1526.777,1520.1232,500.84528,440.4996,654.757,1420.3252,78.19619,3860.8022,177.56418
Papua New Guinea,1982,5525.895,1627.1663,1421.8838,438.11273,1297.915,149.75044,775.4938,3223.8838,1805.5647,1638.5879,0,1736.0406,1571.2163,480.24603,459.76224,652.67773,1414.0569,79.37968,3830.6965,177.71086
Papua New Guinea,1983,5638.7695,1658.1982,1484.2487,451.0874,1348.4036,158.47511,801.0927,3212.0732,1797.3296,1650.625,0,1750.5378,1627.911,473.6665,474.49265,664.61505,1502.3604,81.61608,3825.7024,183.24971
Papua New Guinea,1984,5744.027,1684.1311,1543.2275,463.55527,1394.0637,167.28531,832.56177,3228.4668,1794.2244,1653.3639,0,1853.5776,1685.0706,462.8332,491.27643,676.6786,1451.6644,83.63933,3765.6836,186.71754
Papua New Guinea,1985,5845.7847,1730.1248,1602.3188,475.06363,1439.7684,176.8909,870.27356,3256.2456,1800.7635,1656.5773,0.019328363,1843.2938,1745.1244,452.34918,513.1829,692.74786,1474.678,85.85836,3769.2253,191.79112
Papua New Guinea,1986,5965.7563,1767.3604,1664.0145,489.0026,1490.1298,187.48907,907.67035,3288.2405,1795.829,1669.8538,0.089879505,1850.2517,1804.75,442.92657,534.6778,705.84485,1495.4376,87.9455,3764.7676,196.90645
Papua New Guinea,1987,6092.668,1801.53,1721.3881,498.43613,1533.0531,197.51411,938.8025,3295.9214,1776.2444,1670.9601,0.23616509,2021.4846,1852.1477,428.88458,546.95996,711.88934,1500.8794,89.24346,3729.991,198.53862
Papua New Guinea,1988,6235.4204,1842.7767,1783.791,506.88992,1576.5386,209.1007,971.17487,3305.4272,1765.1632,1674.7035,0.5171543,2178.2632,1901.153,415.3797,560.5933,722.3306,1591.6407,91.25374,3679.2104,201.70729
Papua New Guinea,1989,6430.257,1901.1592,1852.5884,517.5651,1628.9314,222.2114,1007.9777,3336.8655,1772.803,1690.9143,1.0781288,2176.0037,1959.7819,410.625,578.9272,738.8833,1555.3634,94.12982,3673.4404,205.8328
Papua New Guinea,1990,6613.3433,1972.4695,1910.051,526.6517,1675.9625,235.03568,1044.906,3388.8618,1785.2712,1704.5941,2.1893072,2209.6042,2025.5815,405.43973,599.5874,754.0678,1591.7775,96.88987,3673.1682,210.90688
Papua New Guinea,1991,6871.249,2044.0488,1968.7258,539.0464,1738.3134,248.81076,1081.6656,3435.2617,1786.6573,1731.4272,4.4156313,2163.0708,2067.5222,411.92035,615.68335,774.53,1817.837,100.11547,4031.595,216.24654
Papua New Guinea,1992,7103.631,2116.4375,2022.2992,548.8667,1793.2664,262.57095,1116.9962,3462.28,1771.1156,1738.2776,8.7582655,2161.7544,2095.7805,416.87106,628.37726,794.6776,1682.9292,103.22357,4042.163,219.48982
Papua New Guinea,1993,7339.4565,2196.6814,2081.9392,557.76263,1846.6714,277.6748,1155.724,3475.7134,1742.3878,1727.8773,16.969954,2152.8374,2117.7837,418.81427,640.62885,815.2271,1766.2982,106.63059,4031.3877,222.29945
Papua New Guinea,1994,7588.6616,2276.7886,2140.6323,565.74603,1898.483,292.70532,1193.3303,3496.4224,1703.2144,1723.0944,31.981682,2112.144,2138.7258,425.3995,651.1672,867.19006,1738.2648,110.005226,4078.77,225.41452
Papua New Guinea,1995,7824.9893,2361.1816,2195.862,572.24286,1947.2643,306.26743,1226.5825,3551.8389,1678.2048,1736.4208,57.910313,2052.5854,2177.2915,431.72958,664.05566,871.6941,1772.3241,112.45076,4086.3801,229.77052
Papua New Guinea,1996,8184.0967,2457.0342,2267.1956,584.87854,2022.2917,322.41388,1272.4856,3649.5552,1668.6039,1769.43,102.03987,1818.9032,2236.6692,449.2873,686.05,909.04315,1924.3752,116.31186,3907.0208,236.81392
Papua New Guinea,1997,8396.747,2502.1553,2316.7246,588.5836,2066.5454,333.68484,1304.2375,3718.1133,1639.3292,1773.1058,167.87602,1921.4749,2294.9348,453.6743,698.9872,904.38184,1869.3022,117.98627,3904.0889,239.55128
Papua New Guinea,1998,8610.808,2555.8105,2379.129,597.19086,2119.3318,346.03268,1359.8595,3879.137,1670.4729,1791.6873,267.06158,1798.0784,2366.6946,471.97946,751.62915,936.1001,4159.9365,121.58542,3743.052,251.42667
Papua New Guinea,1999,9007.692,2658.7925,2456.5063,608.3767,2190.6929,362.34555,1418.4517,4003.1128,1683.9067,1807.5781,401.0285,1712.0565,2455.3762,487.0684,792.6058,991.3423,1956.9858,125.912575,3574.357,319.60068
Papua New Guinea,2000,9297.062,2744.3228,2523.7488,613.5996,2247.8933,375.79678,1465.7617,4081.9734,1676.1615,1805.095,557.78357,1794.9431,2538.9868,486.825,818.5442,986.2967,1987.4684,128.89983,3573.688,277.2217
Papua New Guinea,2001,9465.447,2772.194,2582.735,618.24274,2301.1577,387.1988,1494.0977,4148.573,1657.2264,1808.0914,728.12115,2069.6113,2603.6392,477.7945,836.0841,995.43085,2014.8507,131.52538,3525.7388,333.48373
Papua New Guinea,2002,9744.957,2836.5557,2651.4749,627.00006,2366.976,401.8831,1526.6694,4232.2554,1646.5182,1813.0211,908.12384,2178.1824,2666.7686,553.8352,852.57764,1015.5506,2093.23,134.68529,3686.2458,289.33768
Papua New Guinea,2003,9947.232,2868.5154,2694.7576,632.1095,2413.0151,414.00778,1550.2527,4231.7715,1603.4706,1799.9285,1072.6296,2439.3892,2730.7185,622.4882,845.5659,1022.421,2078.6829,136.07155,3624.5046,287.99698
Papua New Guinea,2004,10144.197,2899.5037,2734.7,639.23584,2458.699,425.9404,1586.0336,4272.354,1601.5912,1802.6483,1217.8817,2832.5586,2796.7837,648.3012,861.8372,1041.428,2110.2383,138.45412,3461.3103,295.29773
Papua New Guinea,2005,10406.848,2971.7498,2801.9954,655.7102,2530.7822,441.26257,1657.4005,4407.6875,1647.7301,1829.0118,1302.5543,3072.9966,2865.3804,693.2142,912.4475,1092.6674,2220.109,143.71309,2999.6096,310.08475
Papua New Guinea,2006,10724.66,3048.6343,2877.2654,673.5201,2617.87,457.2299,1724.3346,4509.3667,1681.5107,1854.7103,1200.2789,3406.7515,2920.4285,737.4013,962.03,1142.7031,2337.055,148.59564,2631.8508,321.6073
Papua New Guinea,2007,11415.004,3226.244,2955.1938,695.4498,2729.232,477.63843,1795.0745,4563.341,1700.1362,1898.4271,984.7938,3164.523,2969.4402,832.68274,983.93524,1226.3159,2615.078,156.60866,2668.0679,332.86603
Papua New Guinea,2008,11831.424,3327.35,3014.8633,710.66486,2809.1443,493.235,1824.7804,4544.1167,1698.1981,1927.0624,821.4813,3272.4487,2995.5935,886.9224,975.834,1272.286,2513.6868,161.14497,2797.5269,351.24557
Papua New Guinea,2009,12159.964,3395.4338,3050.887,716.6617,2867.352,504.8199,1843.4559,4527.4014,1827.7229,1929.823,794.90857,3786.7263,2998.5945,916.1562,962.8069,1310.3267,2558.281,162.11823,2789.6245,364.648
Papua New Guinea,2010,13107.258,3665.4346,3164.3774,751.5289,3049.4006,530.5195,1918.3665,4604.521,1842.4587,2027.1489,881.97107,2816.798,3040.0444,1001.4824,976.0204,1405.0941,2682.3408,175.17651,3004.0205,412.61975
Papua New Guinea,2011,13796.184,3870.0574,3281.3904,782.1222,3216.169,552.52313,1961.1785,4621.2705,1778.4257,2112.731,945.37115,2165.7515,3069.6675,1075.802,949.03125,1517.9198,2788.0205,187.40051,3325.0066,460.6042
Papua New Guinea,2012,14253.546,4011.9446,3367.6404,798.65015,3319.5544,567.7533,1990.4689,4630.4834,1797.628,2145.0115,948.24457,2138.4539,3097.6196,1064.1495,931.26685,1780.2765,2915.7822,194.88913,3390.8826,573.41943
Papua New Guinea,2013,14259.197,4020.0242,3412.2336,801.3767,3358.8303,572.04517,1975.8226,4583.085,1780.9983,2114.04,890.6867,2941.6814,3086.6482,1005.8123,896.1123,1512.7618,2818.2446,194.21468,3335.1294,496.6302
Papua New Guinea,2014,14865.077,4206.053,3510.6365,822.0001,3488.8057,590.99927,1994.0308,4584.1187,1768.4233,2134.001,861.39667,2625.5552,3105.9866,1030.3474,866.64307,1568.8717,2865.4653,202.52194,3582.2607,509.87173
Papua New Guinea,2015,15789.8545,4522.518,3650.337,853.5217,3665.7212,618.2037,2042.795,4662.8647,1787.4445,2191.7095,883.2483,1878.6212,3143.898,1094.7638,904.0195,1664.103,2980.4893,215.47614,3740.477,537.3829
Papua New Guinea,2016,15775.202,4569.5703,3749.9565,865.10925,3747.1616,630.7814,2044.8914,4650.001,1787.6986,2176.6072,914.9834,2564.2124,3132.9421,1038.9082,842.3359,1661.2352,2960.5872,215.57867,3560.9495,531.0763
Papua New Guinea,2017,16265.482,4760.3076,3895.9248,892.0703,3890.2974,654.3934,2089.9148,4701.221,1784.2693,2208.8574,979.9063,2561.8237,3156.9492,1041.9525,843.3045,1696.1973,3006.0627,222.12906,3488.303,539.4169
Papua New Guinea,2018,16727.94,4909.9346,4032.864,916.1334,4027.472,673.28485,2116.2583,4701.287,1767.0831,2246.7566,1021.15955,2614.23,3180.9126,1042.9325,827.04675,1723.339,3211.8225,226.45168,3572.2642,546.6599
Papua New Guinea,2019,17671.16,5273.1553,4251.6978,965.9157,4278.016,710.6394,2200.4185,4780.383,1796.2217,2332.8474,1102.277,1717.2959,3239.2964,1101.9326,844.65186,1824.5004,3198.4697,241.45656,3779.141,575.5257
Papua New Guinea,2020,17488.977,5399.113,4241.957,989.8576,4427.721,738.3608,2386.331,4932.67,1900.3425,2293.9634,1164.3463,2703.6504,3411.4185,1020.0459,937.0567,1829.9036,3277.7126,244.06493,3212.142,585.0077
Papua New Guinea,2021,17166.678,5659.4443,4496.019,1070.7982,4888.2827,800.70404,2633.7673,7994.814,2070.5828,2352.567,1301.58,2154.588,3529.563,1056.7404,1066.7018,1853.19,3549.1658,273.62808,3123.479,705.6291
Papua New Guinea,2022,19065.836,6370.8066,4910.301,1102.9701,5074.568,850.6069,2576.1687,5307.226,1939.524,2319.7275,1280.515,2441.0413,3435.2239,1005.4827,947.7686,1923.6292,3404.7837,275.01535,4224.243,726.2587
Papua New Guinea,2023,20024.416,6765.6035,5018.2207,1090.8252,5157.6836,874.4899,2601.8816,5391.964,1870.4154,2271.7634,1264.8737,2707.9473,3366.9958,964.2408,922.1719,1969.0378,3447.2954,272.06064,4261.2217,615.46313
South Africa,1980,41313.746,21503.074,10218.738,7527.383,10737.362,2883.8872,5849.779,27484.047,36306.027,25481.73,3.4360049,75.51945,18997.754,1329.2987,3574.3472,14728.202,10957.551,4493.1367,12718.412,12725.624
South Africa,1981,41261.37,21717.744,10284.338,7566.8906,10927.619,2979.2917,5945.1694,27444.598,35217.152,24920.426,6.725125,92.7178,18861.008,1299.5337,3562.0322,14786.777,11423.333,4610.508,12634.428,12839.473
South Africa,1982,41663.24,22099.18,10118.476,7494.8076,10977.269,3036.6008,6031.922,27196.611,34226.613,24135.424,13.109025,92.737366,18673.299,1273.3816,3550.9622,14644.548,11101.563,4691.0923,12649.528,13147.864
South Africa,1983,41514.47,22151.389,10073.816,7457.2734,11057.457,3096.947,6100.0576,27069.355,32974.742,23482.832,25.430914,147.39124,18469.188,1233.3663,3535.8455,14462.919,10956.698,4748.365,12557.022,13420.65
South Africa,1984,41346.254,22180.049,10074.6,7403.5176,11140.283,3167.9707,6181.9375,26709.184,31863.434,22547.2,49.33902,191.9046,18171.186,1178.8683,3535.8467,14408.661,10230.263,4785.376,12481.438,13354.746
South Africa,1985,41301.688,22324.818,10132.807,7346.8022,11150.174,3203.3125,6271.983,26216.832,30650.387,21548.418,94.76204,255.077,17862.164,1081.451,3541.8813,14206.666,10813.426,4830.1924,12415.123,13485.925
South Africa,1986,41016.48,22458.152,10168.848,7358.825,11355.509,3360.2583,6333.176,25934.537,29441.26,20767.94,185.30714,248.45183,17458.053,1023.29645,3541.7285,13991.258,11888.233,4867.4775,12283.063,13435.296
South Africa,1987,41178.71,22773.418,10203.124,7331.394,11567.33,3489.4949,6368.6353,25411.814,27815.639,19920.67,359.3152,336.91953,16894.664,961.2564,3470.9153,13751.662,10526.028,4867.6567,12064.752,13235.621
South Africa,1988,41876.16,23409.006,10289.993,7316.0503,11722.116,3629.3704,6416.064,24727.096,25777.705,18984.361,686.76917,336.87033,16176.403,873.1808,3370.6077,13548.735,9933.549,4936.1816,11708.059,13205.087
South Africa,1989,42364.387,23925.63,10535.414,7414.05,12145.369,3805.9922,6422.036,24105.818,23970.625,18310.725,1315.3518,277.9614,15363.968,822.5226,3236.1035,13394.93,8845.398,5041.4517,11301.578,13421.028
South Africa,1990,43804.87,24848.133,10673.523,7451.237,12482.844,3978.9612,6451.0415,23461.627,22295.135,17555.916,2439.5266,153.0456,14568.04,763.0661,3108.3896,13200.507,8443.344,5129.2,10801.945,14572.623
South Africa,1991,45105.21,25440.51,11008.051,7597.7456,12988.993,4154.3936,6489.0566,23128.885,21117.676,17299.283,4413.894,96.54226,13781.773,713.87006,2996.0308,13127.822,8222.686,5192.473,10334.027,14314.111
South Africa,1992,46227.15,26146.752,11550.36,7909.464,13807.448,4435.4995,6547.5483,23142.875,20291.857,17361.352,7858.1436,90.03816,12990.394,702.1415,2915.5361,13208.096,8161.898,5335.4575,9921.041,15027.736
South Africa,1993,50116.97,28486.629,12046.095,8132.3784,14774.352,4767.6494,6868.8384,23149.004,19742.004,17273.973,13310.197,88.08366,12361.344,663.47174,2904.4382,14502.806,8710.673,5512.358,9646.373,15763.164
South Africa,1994,53315.023,30543.547,13009.005,8713.175,16227.545,5195.383,7260.4844,24090.916,19877.686,18098.256,22302.295,93.37815,11916.566,650.06976,2983.4072,16076.94,9106.05,5933.899,9523.1875,16881.945
South Africa,1995,55789.594,31586.97,13443.654,8861.725,16924.205,5417.1704,7487.7207,24480.494,19751.146,18293.037,34721.62,126.12228,11661.801,640.0039,3065.0005,16645.566,9460.559,6048.7227,9403.076,17117.549
South Africa,1996,61594.9,34469.91,14937.141,9588.664,19286.764,5980.581,8053.0244,26207.518,20201.178,19821.115,52868.69,139.81097,12160.469,668.1933,3239.6006,18658.744,10125.378,6377.2275,9573.025,18043.043
South Africa,1997,62693.15,34897.973,15944.462,10101.374,21033.03,6352.835,8316.92,27510.934,20247.88,20808.508,77065.1,183.10544,13221.172,768.2746,3332.588,18848.912,10088.563,6617.512,9322.621,18914.68
South Africa,1998,65472.266,35909.16,16686.045,10439.859,22041.098,6723.535,8648.396,28938.848,20542.398,21704.066,106464.914,211.39093,13876.231,854.0112,3488.623,19547.742,10335.906,6807.7876,8998.182,19780.22
South Africa,1999,65609.914,35572.367,16307.624,10198.404,21688.955,6781.3423,8591.07,28962.598,20713.734,21350.195,136867.67,153.82494,13495.201,936.8274,3368.2754,19495.76,10186.624,6644.005,8497.073,19451.223
South Africa,2000,65198.566,34845.688,16473.207,10245.06,21979.13,6890.6777,8414.277,29436.852,21172.377,21661.96,170625.56,17.501598,12874.693,1056.6765,3264.3254,18719.756,9840.367,6576.2207,8251.696,18911.594
South Africa,2001,66107.76,34658.54,16437.12,10222.428,22380.73,6944.7075,8481.932,30557.764,22440.502,22185.432,204491.05,247.11197,12834.789,1226.9849,3348.197,18583.107,9681.985,6496.2964,8355.281,18983.143
South Africa,2002,66541.99,34493.63,16592.51,10432.228,23060.32,7001.872,8738.492,32478.018,24516.197,23533.807,237331.86,132.98033,13726.202,1460.4932,3476.9036,18936.309,9741.955,6660.4272,8847.033,19599.611
South Africa,2003,66768.016,34417.723,16793.363,10770.236,23877.537,7074.4033,8899.105,34103.54,26165.535,25247.508,266474,120.071175,14998.96,1675.2454,3471.6125,19252.402,9829.647,6838.6836,9477.816,20270.303
South Africa,2004,64305.547,33378.137,16133.489,10615.588,23634.326,6867.7334,9011.303,35539.53,27835.822,25838.553,287332.4,131.92815,16494.18,1792.9391,3663.7405,18836.225,9714.747,6663.5107,10155.524,19645.852
South Africa,2005,65409.594,34031.984,16258.163,10901.089,24659.6,7004.7983,9454.029,37735.805,30077.795,27032.736,293375.5,67.42768,18069.729,2045.5923,4030.5303,18981.45,9781.916,6674.9995,10734.469,19591.44
South Africa,2006,68672.65,35990.2,16853.78,11564.1455,26546.148,7363.7305,9935.876,39580.43,31180.588,28614.055,288037.1,103.62522,19031.879,2275.0627,4353.414,19677.496,10070.43,6951.0474,11095.398,19811.531
South Africa,2007,71111.086,37888.79,17049.643,12018.601,27979.908,7604.997,10383.119,40081.344,30891.408,29703.896,275298.62,52.495277,19265.998,2514.587,4552.6123,20727.088,10452.901,7269.4507,11301.157,20506.656
South Africa,2008,74015.57,40091.082,17384.217,12518.601,29763.918,7917.4136,10786.954,40073.812,29968.844,30632.96,252585.08,70.60722,19149.197,2628.7234,4641.659,21134.072,10517.6,7472.0317,11229.683,20508.658
South Africa,2009,79140.03,43507.28,18022.033,13174.839,32254.627,8510.842,11276.353,39594.723,27991.084,31662.2,229288.6,45.237457,18447.92,2803.5962,4567.8545,21678.646,10751.302,7719.3555,11058.72,20650.686
South Africa,2010,82776.46,46333.746,18290.629,13511.082,34134.066,9027.873,11692.017,38326.574,25221.914,31624.074,205096.36,58.980976,16905.193,2722.2542,4354.74,22344.22,10921.702,7829.359,10880.382,20775.787
South Africa,2011,86233.05,49289.215,18628.34,13752.531,36085.89,9630.066,12146.78,36974.906,22277.385,30886.385,176718.14,73.312546,15456.699,2496.6338,4002.766,22787.455,11060.138,7966.5806,10429.267,20456.574
South Africa,2012,87029.06,51659.24,18772.855,13911.689,37427.715,10090.956,12720.199,36105.78,20467.256,29919.092,153026.23,54.292515,14599.157,2336.935,3792.3967,23395.133,11311.777,8329.239,10527.815,21046.611
South Africa,2013,88746.05,54164.45,18909.74,14019.271,38917.855,10574.745,13445.819,35631.586,19366.424,28752.947,137837.98,93.39569,14061.574,2231.336,3653.5706,23904.646,11342.541,8588.882,10692.547,21309.867
South Africa,2014,92027.836,56882.473,19384,14320.617,41001.203,11103.602,14002.288,35205.297,18111.92,28132.182,130105.23,87.64901,13567.271,2182.9253,3546.6677,24125.455,11525.23,8825.575,10607.166,21733.344
South Africa,2015,94156.016,58653.164,19739.053,14515.57,42762.375,11444.123,14382.965,34156.395,16534.752,27567.492,125312.23,29.311918,12992.046,2130.0234,3182.364,24283.361,11481.651,8970.385,10189.775,22406.975
South Africa,2016,94590.5,59722.64,19919.084,14554.496,43824.19,11639.8,15145.956,33968.438,15957.679,26853.354,120619.62,36.387238,12806.246,2027.9863,3094.278,24434.115,11557.273,9035.921,10184.057,22706.092
South Africa,2017,93873.805,60632.266,19811.148,14336.389,44056.8,11677.408,15868.676,33302.508,15356.31,25425.986,115169.414,200.56949,12646.045,1933.9265,2930.8025,24567.795,11577.829,8935.685,10059.373,22207.285
South Africa,2018,94706.086,61871.59,20282.496,14675.241,45183.227,12037.896,16437.238,33822.582,15102.081,24548.57,110166.58,90.680595,12458.148,1880.7454,2795.4612,24535.281,11482.902,8964.276,9490.705,22040.832
South Africa,2019,91778.79,60572.047,20674.996,15249.334,45096.18,12163.368,16391.254,34723.164,14862.735,23925.6,104863.17,33.90705,12095.969,1873.5721,2670.347,23457.705,11294.282,9137.186,9211.463,21970.5
South Africa,2020,87395.59,57805.316,16643.697,13618.15,40642.08,11005.628,16125.648,145879.84,14121.014,21353.654,99017.91,34.802433,11859.771,1806.2677,2692.25,21586.438,10263.642,8655.856,8194.748,20461.56
South Africa,2021,90027.19,60770.535,16601.047,13878.071,41815.836,11524.532,16931.098,273973.16,14626.317,21236.979,103610.82,26.43082,11380.67,1850.3843,2816.8284,21430.654,10262.184,8934.981,8302.302,20636.14
South Africa,2022,90953.125,64455.957,19130.428,14674.636,45716.105,11717.06,17535.004,82196.52,14328.09,22418.086,111128.96,17.955353,11134.853,2029.1234,2592.4873,24445.676,11884.711,9471.228,9198.223,21703.527
South Africa,2023,95572.67,70401.17,21323.498,15589.168,49886.06,12888.031,18018.121,40323.492,14324.402,22974.447,114746.65,30.835577,11172.189,2119.4268,2609.382,25605.584,11744.442,9923.82,9304.111,23066.346
United States,1980,928171,457254.66,68647.1,74713.01,57279.938,94399.19,52464.344,51639.67,644.32355,2666.5688,2394.696,0,24734.006,553.15594,1661.9309,60577.89,48597.79,30349.861,6306.2188,24914.215
United States,1981,915965.94,462998,70932.375,73795.58,57222.44,96550.74,52596.953,51095.688,609.6968,2505.281,2397.417,0,23653.838,487.79294,1680.4442,58315.46,45761.383,30860.258,6517.6807,24375.428
United States,1982,909603.9,471673.44,73266.74,72623.836,57438.15,98336.664,53056.5,49633.324,569.8612,2431.6953,2615.9062,0,22544.98,473.10648,1699.2025,54362.035,44474.43,31087.572,6417.437,22871.377
United States,1983,923779,485702.56,78969.2,73310.055,59362.6,102919.83,54840.53,54038.95,576.39124,2369.6497,3162.2068,0,21349.22,491.25208,1841.8931,52018.465,44729.28,31297.715,6540.6353,21271.414
United States,1984,918300.2,495914.8,83543,74142.164,60258.164,106026.48,56956.73,58291.246,560.73425,2319.7656,4258.3843,0,20845.17,493.9467,1937.3356,52663.652,43517.023,32175.094,6887.6772,20872.6
United States,1985,922470.7,511741.97,89048.76,75427.87,62184.78,110241.305,59627.395,64730.39,541.7739,2315.5764,6206.4478,0,20714.557,506.60147,2110.5571,53203.28,43548.242,32973.914,7354.0703,21104.342
United States,1986,912565.9,519732.4,92253.01,75791.42,63496.082,113132.305,61545.164,68147.45,532.01624,2316.3687,9395.336,0,20112.621,476.3717,2184.2537,55263.87,42897.5,34213.145,7757.03,22416.22
United States,1987,908475.1,527696.44,95066.2,76591.016,65573.87,116280.79,62372.574,70258.64,540.8726,2304.795,13752.538,0,19725.031,458.4608,2267.01,55826.58,42808.89,34401.84,7177.525,22541.158
United States,1988,914065.25,538879.7,99416.16,77805.02,68780.33,120509.9,64366.492,75258.11,553.6724,2430.1208,18590.041,0,19815.941,565.4957,2389.1692,55809.91,42976.734,34137.895,7258.3247,23126.082
United States,1989,886734.2,540554.3,101108.76,76836.78,72238.164,121507.54,65340.523,74737.07,609.7004,2404.5225,23349.084,0,19945.17,545.53156,2369.595,54730.543,42473.156,33769.383,7293.7695,23793.322
United States,1990,867684.06,549224.8,104082.13,76067.805,75662.34,123677,65711,74474.78,819.1758,2229.0828,27253.107,0,19201.402,568.1832,2378.5376,52918.023,41289.684,33386.645,7165.4824,25522.023
United States,1991,865912.7,557897.8,108049.14,76407.1,78626.016,127164.68,66193.37,74063.24,934.0789,2105.0093,31343.588,0,18025.328,543.4512,2427.6396,50151.19,40900.58,33738.598,6808.211,26437.824
United States,1992,860911.44,563454.1,110996.12,76748.2,81318.95,129728.234,66674.4,73935.71,987.93945,2008.1134,35368.06,0,17003.514,525.91815,2531.6116,48316.426,40214.625,34030.773,6684.0234,25831.803
United States,1993,895115.7,580317.3,118973.39,78966.54,87124.805,136632.64,69151.17,79500,1101.1864,1967.2639,39218.19,0,16305.964,518.0857,2822.9573,49001.188,42297.953,35035.26,6867.991,26080.803
United States,1994,892467.3,581674.6,121503.055,79709.43,90377.18,139054.6,70517.266,80860.9,1182.129,1838.396,41426.348,0,15512.949,553.52637,2958.9495,50054.9,42222.25,35458.28,6933.165,25355.873
United States,1995,901723.2,589930.56,124517.125,80793.34,94422.2,143451.81,72207.35,83160.125,1268.09,1705.9468,38604.953,0,14648.435,493.2095,3178.8706,50920.812,43769.58,35860.887,6963.177,23943.67
United States,1996,901606.9,591343.7,127929.02,81698.38,97679.51,147284.72,72884.02,84793.58,1350.8364,1572.9049,30206.559,0,14134.1,507.3792,3343.263,50714.016,44363.957,35111.242,6861.6167,21559.668
United States,1997,896722.6,591310.56,132167.97,82906.33,100647.664,151136.7,74363.46,86645.03,1534.3287,1469.6519,22744.094,0,14121.704,534.87665,3569.6929,49629.996,44487.395,34235.496,6752.5444,19709.098
United States,1998,898525.5,595796.1,138576.61,84890.24,105231.91,155558.55,77719.38,86009.39,1745.0082,1427.9727,18802.236,0,14387.288,500.1781,3770.511,49486.195,45416.445,33770.78,6484.2236,18641.924
United States,1999,918091.6,607227,151316.78,88877.95,113565.5,162258.53,83897.055,72715.26,2341.715,1450.542,17236.127,0,14711.34,582.95056,4056.969,50435.324,45852.055,32874.406,6168.234,17867.883
United States,2000,906719.94,609833.7,155985.19,91638.59,121235.48,166060.45,88547.19,69250.766,3225.9932,1216.7483,16375.484,0,14667.719,641.3566,4105.7817,50688.52,46613.098,32944.605,5884.583,17621.516
United States,2001,896083.3,611013.5,158690.75,93943.234,126790.67,168838.84,92807.69,67640.08,3893.925,1148.4034,15949.446,0,14650.312,639.55505,3988.8965,51506.957,50862.58,33869.816,5773.3594,18126.193
United States,2002,894842.44,616650.44,161177.3,96259.695,131627.22,173629.47,97787.73,69800.195,4849.21,1111.3119,15648.136,0,14824.525,595.4352,3999.1687,52055.355,49440.65,34871.523,5814.8457,18475.225
United States,2003,880330.5,618418.6,163330.62,97640.01,134924.8,177268.78,101514.266,70011.49,5789.0244,1014.5947,15170.03,0,14934.995,759.4136,3828.0825,51776.027,51443.43,35184.242,5761.8223,18337.734
United States,2004,841600.25,612346.75,162124.9,96530.58,134700.69,177118.19,103705.69,66732.34,6943.4673,931.5419,14445.327,0,14922.787,884.6775,3555.368,51047.668,52122.207,35374.906,5532.6216,18248.281
United States,2005,844291.7,621124.44,169218.47,99286.86,139485.7,184817.47,109604.42,68825.07,8308.758,891.0911,13965.675,0,15194.918,931.0482,3614.7122,51842.473,56172.867,36229.344,5504.0474,18932.357
United States,2006,819733.44,621758.5,168880.17,99920.5,139484.77,186560.4,112241.91,65949.51,9311.923,850.2591,13285.83,0,15410.61,929.80096,3424.2747,51320.605,55745.75,37157.664,5373.492,19496.951
United States,2007,804392.44,625016.56,172629.56,101415.164,139950.22,190255.6,114052.375,64050.215,9928.027,794.26666,12338.771,0,15366.142,938.80756,3486.62,49421.035,57149.96,38187.67,5405.3267,19180.807
United States,2008,811852.2,638717.56,183077.36,104952.49,143187.73,197657.12,115818.06,66352.12,10826.893,777.43,11411.8125,0,14783.974,975.6248,3657.397,46090.63,58141.58,39567.508,5512.9756,18602.568
United States,2009,784781.94,637877.4,183122.45,105512.875,142445.84,197899.81,116515.14,64314.82,10780.276,735.9311,10504.9795,0,13721.878,1093.6154,3633.0337,42779.684,57820.844,40719.375,5465.244,17744.523
United States,2010,792264.56,643129.5,186742.36,108336.35,146935.3,205030.88,119885.22,63412.473,10999.66,736.4143,9585.399,0,12836.219,990.7176,3847.9988,40955.652,60207.094,41766.72,5433.102,17024.232
United States,2011,797964.9,651321.5,193096.84,111284.7,151699.47,211430.08,124499.2,65845.95,11674.706,714.62415,8939.043,0,12478.801,1065.0414,4121.618,40837.848,62849.414,43117.79,5508.8794,16894.547
United States,2012,801655.56,657085.25,196630.08,113256.76,155448.61,216488.94,128045.56,65704.516,11438.601,691.4705,8404.58,0,12369.968,1115.9707,4331.788,40992.594,63011.07,44006.746,5527.167,17199.146
United States,2013,814379.6,665564.9,202491.03,116553.08,161190.81,222868,133130.66,69269.93,11270.546,700.7516,8017.422,0,12366.852,1228.3671,4688.6426,40780.754,65130.48,44844.836,5622.7363,16481.332
United States,2014,817731.56,670579.06,204943.38,118499.984,165523.4,226759.34,139334.23,69336.34,10908.539,671.50616,7706.397,0,12320.759,1234.7051,5383.394,41060.562,66913.83,46244.973,5710.776,16602.605
United States,2015,844469.56,678221.5,213122,122052.984,174324.84,235801.44,148524.31,70705.164,10932.716,675.35785,7459.3477,0,12212.258,1273.3107,6565.1216,43728.94,70139.266,48080.887,5942.368,18348.832
United States,2016,845780.94,679530.8,216141.8,122576.09,179467.89,239431.23,157881.31,68340.97,10384.635,711.25616,7282.9185,0,12001.852,1371.7916,7820.098,46358.617,72471.11,50267.93,6249.1406,20071.373
United States,2017,866223.6,685469.3,222842.69,124147.84,187635.42,248412.28,166112.48,71139.625,9901.683,742.8232,6950.9487,0,11641.733,1323.298,9562.772,46662.613,75923.34,51742.75,6579.3994,20473.57
United States,2018,876558.2,683646.2,223789.22,124837.77,192603.05,253494.06,171163.78,72133.805,9100.771,780.6854,6581.754,0,11221.212,1120.1809,11348.218,45097.996,77424.72,51409.97,6838.7354,19662.922
United States,2019,864509.75,685271.25,225104.95,127196.26,199448.55,261147.88,180710.22,68252.6,8532.319,828.82513,6347.362,0,10581.766,1207.176,13385.946,45680.074,80258.52,50683.094,7140.789,20417.092
United States,2020,895701.9,699548.2,216761.28,134410.98,208956.81,268567.06,202019.19,495202.22,8286.645,917.1578,6354.9404,0,9994.475,1498.1193,16117.126,49679.11,84788.17,52343.168,7455.2393,25002.768
United States,2021,887640,696944.8,214409.98,137047,212638.19,271083.34,217515.78,552858.75,8402.641,956.1518,6245.9146,0,9895.756,1847.3118,18159.363,52808.24,87935.56,53263.22,7833.7295,26793.842
United States,2022,915730.06,707756.1,218997.75,139233.86,220400.31,278997,226395.75,295331.75,8394.224,947.9914,6041.048,0,10232.335,1410.5295,19694.125,52573.12,90164.73,53616.387,8088.6177,25932.186
United States,2023,900759.3,707283.75,220920.83,138074,225579.72,282253.22,227341.53,118633.15,8413.775,916.2885,5676.0386,0,10152.41,1233.1324,19196.508,51429.73,90015.44,51257.832,7991.207,24528.037
World,1980,12116560,4818276.5,1814284.9,1625709.9,1050153,687449.5,1299775.1,3225179,3980060,1923776.5,16631.803,680159.75,3400100,436615.38,584706.1,1103701.2,1976749.5,553569.4,4379420,307735.66
World,1981,12106958,4881463.5,1844766.4,1637995.6,1061732.8,707078.56,1302751,3182000,3891543.2,1907461.4,18934.732,678684.2,3367134.5,433406.78,593095.25,1106092.1,1968195,564194.56,4271710.5,310661.75
World,1982,12128837,4954714,1879453.4,1649187.8,1076549.9,726339.94,1308605,3148258.8,3836171.8,1901264.8,25087.908,691846.7,3353813.2,431128.97,588858.6,1112856.1,2074961.2,572191.4,4157896.5,311033.06
World,1983,12319656,5066566.5,1930898.1,1677039.9,1102529.8,756500.4,1324685.4,3157311.2,3795822.8,1903650.8,34322.64,703735,3356501.8,430756.9,765025,1123643.8,2016446.2,586457,4078259,313265.5
World,1984,12417934,5160304,1972367.5,1698131.9,1121084.4,779575.3,1341151.5,3146584,3769915.2,1897006.9,48439.207,713506.4,3354725,430964.75,844254.7,1138727.4,2028093.6,598136.06,4021145.8,320244.22
World,1985,12508895,5288607,2016470.8,1724824.4,1143142.8,810734.2,1351837.6,3148779.8,3734323,1891795.8,68792.375,735921.44,3335924.8,428821.16,659943.5,1155944.6,2049176.8,602993.75,3932210.2,325449.34
World,1986,12471070,5380638,2045365.2,1734963.4,1162881.5,836717.8,1360179.1,3125943,3685801.5,1886589.6,97434,753770.56,3299529.5,425780.1,582781.7,1177686.6,2086422.2,606098.9,3837119,330449.38
World,1987,12581135,5511125,2093684.1,1756658.4,1187613.8,865486.4,1372078.5,3091515.8,3610574,1891969.2,137971.58,763654.06,3257881.8,424093.25,580219.8,1201913.8,1993293.8,619783.1,3716686,338706.88
World,1988,12808054,5690735.5,2153224,1785118.5,1222674.5,901001.8,1389892,3073345.8,3512361.8,1894304.8,190706.58,775267.1,3217815.5,424201.38,569976.7,1229400,1977294.9,634799.3,3588270.5,349286.78
World,1989,12943327,5855358.5,2214093,1816230.4,1261512,933281.94,1407571.5,3048717,3399290.2,1895577.1,260696.33,778718.06,3184129.2,424172.84,555379.4,1263898.9,1872001.6,657315.56,3420237.5,368155.7
World,1990,13137973,6022750,2260220.8,1836556.6,1301813.5,965986.7,1422016.2,3017867,3292788.2,1886612.4,341990.06,784046.94,3145337.2,422924.28,542824.7,1284582.8,1942679.4,672639,3273145.5,384784
World,1991,13327579,6154231,2304135.2,1859235.5,1335907.6,996400.4,1436009,2974750.5,3231256.2,1884215.4,435369.7,803565.7,3102217.8,422419.5,532021.94,1301217.1,2026772.2,697128.8,3169024,395846.16
World,1992,13474051,6255576,2352324,1882977.2,1368086.9,1024680.75,1455105.2,2948626.5,3124555,1880897.5,538008.25,807199,3056646.5,420863.7,512791.44,1308677.8,1879582.2,725478,3052118.2,419076.28
World,1993,13846499,6389341,2419027,1916437.9,1409419.8,1063508,1491320.5,2958384.5,3018091,1873744.1,650261.3,809734.06,3017473,418533.53,498692.62,1323707.5,1918417.8,758066.56,2960382,444538.12
World,1994,13977331,6465568.5,2466537.8,1940326.6,1443338.6,1090953.6,1519930.9,2948351.5,2949000,1873816.5,771307.06,816596.6,2973751,417481.72,488214.9,1334086.1,2675881.5,783724.2,2904836.2,452891.03
World,1995,14031975,6572087.5,2529386.8,1960599.4,1485188.9,1130305.9,1526963,2937206.2,2864257.5,1878365.2,890706.94,826389.3,2924733.5,412961.94,536878.06,1339826,1921486.8,795559.3,2860245.8,453535.28
World,1996,14094237,6654513.5,2590327.2,1970652.5,1526821.6,1164744,1516251,2896173,2776853.8,1872285.1,1007710.25,839426.94,2866408.2,409634.4,526941.75,1345109.9,1913189.4,797304.1,2822630.5,442607.97
World,1997,14167875,6731459,2657023.5,1982345.2,1565504.9,1197173.6,1502213.2,2848135.5,2675665.5,1858682,1126579.1,859027.5,2800465,408344.78,511731.16,1343057.2,1904561.8,798148.7,2738796.5,438586.9
World,1998,14299005,6841064,2739366,2004583.6,1615467.9,1234688.4,1499151.6,2803795.8,2585390.8,1839586.8,1251636.4,878241.75,2739607.5,406775.4,495184.56,1347868.4,1932642.8,806887.25,2659249.5,444514.97
World,1999,14504612,6974619,2817004.8,2029039.1,1668360.9,1279146.2,1509496.8,2749929.5,2449276.8,1801356.4,1373637,884432.6,2674873.2,403973.53,443020.56,1360822.6,1977574.8,816140.4,2565410.8,453673.28
World,2000,14562574,7072878,2885321.2,2052317.2,1719492,1316058.2,1521900.9,2685890.5,2336173.8,1760309.1,1489294.8,881444.8,2610429.8,396733.88,425422.34,1370012.9,1907147.4,819533.44,2468890,464265.2
World,2001,14642887,7166168.5,2961827,2080214.8,1769622,1357971.8,1537505.1,2622313,2245470.2,1719406.5,1578347.9,897903.5,2546394.5,387989.2,409025.38,1375914.2,1877467.6,814273.7,2368606.5,468878.22
World,2002,14814547,7264824,3057614.5,2115800.8,1824866.5,1407894.8,1553566,2599078.5,2179954.8,1679394.9,1657075.6,904676.7,2493303.8,378745.12,397082.28,1385401.8,1870787,813002.6,2274760.8,479610.72
World,2003,14933735,7343411.5,3150469.2,2145069.2,1876419.4,1462132.5,1556736.5,2580682,2138807.5,1639338.1,1706257.2,920106.44,2442740.2,371349.1,361725.56,1384630.8,1916538.9,810169.3,2182388,466015.16
World,2004,14766208,7363429,3194495.2,2155789.5,1904469.1,1490299.5,1556901.8,2538121,2089653.2,1599355.9,1709386.8,924219.6,2387806.5,363692.44,347104.44,1377334.9,2099936.5,808226.25,2090837.9,458434.22
World,2005,14890603,7462051,3238733.2,2178726.2,1953798.1,1554071.5,1569636.5,2521322.5,2044774.5,1563237.8,1652713.4,901281.6,2340530.5,357094,334559.1,1379933.6,1928424.2,803425.56,2008601.6,450300.12
World,2006,14997268,7555454.5,3226366.2,2179789.8,2001357.9,1594311.6,1571359.5,2485485.8,2014339.1,1535858.8,1560957,880615.5,2310570.5,348793,326593.38,1392160.1,1867385.2,787918.3,1904320,440103.53
World,2007,15199501,7714327.5,3271848.8,2200686.8,2065922.9,1656611.5,1581709.2,2480099.5,1977390.9,1514682.5,1453935.6,859676,2289990.8,342369.4,321990.12,1400314.9,1860883,775167.06,1820375.2,434203.78
World,2008,15390506,7846368,3316641.2,2229445.2,2132780.2,1726993.4,1593540.5,2483066.5,1926540.5,1491790.4,1352390.8,848547.2,2267440.2,333684.97,313597.3,1397172.1,2064582.5,765893.8,1747655,435134.38
World,2009,15459586,7923106.5,3317040.8,2225584.8,2184972.8,1776751.1,1586198.2,2470063.2,1852790.1,1465931.5,1267594.2,839703.5,2238346,326597.88,302721.34,1386908.1,1829442.4,755332.2,1692309.9,439011.22
World,2010,15688397,8033774,3340138.5,2239254.5,2262261.2,1853645.8,1587989.1,2466659.5,1776815.6,1441286.9,1201789,827683.06,2193106.8,316577.94,349017.2,1383150.8,2062448.2,749304.4,1641168,435402.5
World,2011,15883663,8108615.5,3375121.8,2238367.2,2323012.2,1914752.9,1584986.6,2474021.5,1688806.2,1408234.4,1142262.5,776271.94,2148040.2,307610.03,445493.72,1381010.5,1821837.5,743128.1,1597757,429239.38
World,2012,16207853,8227691.5,3407196.2,2244741.2,2389061,1993123.1,1597878.1,2490445.5,1603168.2,1366215.8,1086766.4,745559.44,2115264.5,299534.94,334514.34,1371189.4,1846099.5,739562.9,1542533.2,432784.9
World,2013,16479219,8316485.5,3442147.8,2247758.8,2461310,2057980.6,1617696.8,2517919,1556861.5,1336386.4,1038268.7,704351.8,2088149,294678.88,280750.4,1347935.4,1898283,734199.3,1488385.5,429919.9
World,2014,16685005,8463820,3479119.2,2262650.5,2549126.8,2133984,1645317.4,2536359.2,1500044.4,1302891,1002516.3,688149.2,2056458.9,287387.34,284279.9,1341454.2,1928026,729207.75,1452620.2,433351.12
World,2015,17208338,8720603,3539318.8,2306524,2670826.2,2245006.8,1685440.8,2581583.5,1440782.5,1278501.6,976809.9,677996.7,2018467.4,279925.75,288737.47,1346482.5,1950220.8,726529.3,1392544.2,439002.75
World,2016,17668632,8978094,3601086.8,2332535.5,2774205.5,2332234.5,1722265.6,2593892.5,1394967.9,1254539.2,962242.5,651343.5,1973910.5,274461.16,289744,1350724,1959087.8,726959.56,1337836.4,440676.06
World,2017,18005142,9212513,3670748,2355789.8,2888208.5,2439319.8,1750758.5,2607420.5,1358630.4,1233938.5,940987.4,636896.75,1922537.8,270242.34,292950,1353579.5,1966385,731033.06,1307627.5,445948.44
World,2018,17988598,9302751,3721755.5,2363842.8,2974034,2516431,1770924.4,2606047,1303507.5,1196168.6,923239.94,644747.5,1866413.2,264230.47,289101.94,1340534.6,1943370,732320.4,1264560.8,441015.47
World,2019,17642048,9348945,3757591.2,2375058.5,3081769.2,2598627.5,1798132.2,2578397,1255274.2,1150684.4,912196.44,649454.6,1804718.6,258099.27,284472.25,1330113.1,1934331.6,736948.4,1235351,427605.53
World,2020,17658552,9484335,3495301.2,2351250.2,3189487.8,2669109.5,1850919.8,7708775,1201886.4,1074379.8,881019,714345.5,1763856.8,253403.56,288191.03,1333861.5,1935229.5,735996,1121958.5,437564.62
World,2021,18685866,9964226,3547996.5,2373385.5,3349695,2792853.5,1910524.5,11560537,1153529,1038377.3,850951.75,706701.7,1705852.5,249533.02,296536.78,1412910.2,2013691,759371.7,1112225,447751.75
World,2022,18943538,10379893,3963517.5,2440442,3475146.2,2957491.2,1953372.1,4741312,1163069.4,1038129.94,847278.56,698349.6,1665238.2,246993.47,293543,1406471.6,2130094.2,771497.4,1222389.8,440033.4
World,2023,19159154,10567948,4163664.8,2416335.8,3535639.8,3024273.2,1975581.5,3326586,1107146.5,1010526,833408.3,669960.06,1627971.6,239929.33,288613.44,1425773.1,2246293.2,766745.1,1221850.5,435689.75
