X,Y,CountryCode
79,98,840
79,92,840
79,91,840
79,90,840
80,97,840
80,96,840
80,95,840
80,94,840
80,93,840
80,92,840
80,91,840
80,90,840
80,89,840
81,97,124
81,96,840
81,95,840
81,94,840
81,93,840
81,92,840
81,91,840
81,90,840
81,89,840
81,88,840
82,97,124
82,96,840
82,95,840
82,94,840
82,93,840
82,92,840
82,91,840
82,90,840
82,89,840
82,88,840
82,87,840
83,97,124
83,96,840
83,95,840
83,94,840
83,93,840
83,92,840
83,91,840
83,90,840
83,89,840
83,88,840
83,87,840
83,86,840
84,97,124
84,96,840
84,95,840
84,94,840
84,93,840
84,92,840
84,91,840
84,90,840
84,89,840
84,88,840
84,87,840
84,86,840
85,97,124
85,96,840
85,95,840
85,94,840
85,93,840
85,92,840
85,91,840
85,90,840
85,89,840
85,88,840
85,87,840
85,86,840
86,97,124
86,96,840
86,95,840
86,94,840
86,93,840
86,92,840
86,91,840
86,90,840
86,89,840
86,88,840
86,87,840
86,86,840
87,97,124
87,96,840
87,95,840
87,94,840
87,93,840
87,92,840
87,91,840
87,90,840
87,89,840
87,88,840
87,87,840
87,86,840
88,97,124
88,96,840
88,95,840
88,94,840
88,93,840
88,92,840
88,91,840
88,90,840
88,89,840
88,88,840
88,87,840
88,86,840
89,97,124
89,96,840
89,95,840
89,94,840
89,93,840
89,92,840
89,91,840
89,90,840
89,89,840
89,88,840
89,87,840
89,86,840
90,97,124
90,96,840
90,95,840
90,94,840
90,93,840
90,92,840
90,91,840
90,90,840
90,89,840
90,88,840
90,87,840
90,86,840
90,85,840
90,84,840
90,83,840
90,81,484
91,97,124
91,96,840
91,95,840
91,94,840
91,93,840
91,92,840
91,91,840
91,90,840
91,89,840
91,88,840
91,87,840
91,86,840
91,85,840
91,84,840
91,83,840
91,82,840
91,81,484
91,78,484
92,97,124
92,96,840
92,95,840
92,94,840
92,93,840
92,92,840
92,91,840
92,90,840
92,89,840
92,88,840
92,87,840
92,86,840
92,85,840
92,84,840
92,83,840
92,82,840
92,81,484
92,80,484
92,79,484
92,78,484
92,77,484
93,97,124
93,96,840
93,95,840
93,94,840
93,93,840
93,92,840
93,91,840
93,90,840
93,89,840
93,88,840
93,87,840
93,86,840
93,85,840
93,84,840
93,83,840
93,82,840
93,81,484
93,80,484
93,79,484
93,78,484
93,77,484
94,97,124
94,96,840
94,95,840
94,94,840
94,93,840
94,92,840
94,91,840
94,90,840
94,89,840
94,88,840
94,87,840
94,86,840
94,85,840
94,84,840
94,81,484
94,80,484
94,79,484
94,78,484
94,77,484
94,76,484
94,75,484
95,97,124
95,96,840
95,95,840
95,94,840
95,93,840
95,92,840
95,91,840
95,90,840
95,89,840
95,88,840
95,87,840
95,86,840
95,85,840
95,80,484
95,79,484
95,78,484
95,77,484
95,76,484
95,75,484
95,74,484
96,97,124
96,96,840
96,95,840
96,94,840
96,93,840
96,92,840
96,91,840
96,90,840
96,89,840
96,88,840
96,87,840
96,86,840
96,85,840
96,79,484
96,78,484
96,77,484
96,76,484
96,75,484
96,74,484
96,73,484
97,97,124
97,94,840
97,93,840
97,92,840
97,91,840
97,90,840
97,89,840
97,88,840
97,87,840
97,86,840
97,85,840
97,78,484
97,77,484
97,76,484
97,75,484
97,74,484
97,73,484
98,97,124
98,95,124
98,94,840
98,93,840
98,92,840
98,91,840
98,90,840
98,89,840
98,88,840
98,87,840
98,86,840
98,85,840
98,76,484
98,75,484
98,74,484
98,73,484
99,97,124
99,96,124
99,95,124
99,94,840
99,93,840
99,92,840
99,91,840
99,90,840
99,89,840
99,88,840
99,87,840
99,86,840
99,85,840
99,84,840
99,75,484
99,74,484
99,73,484
100,97,124
100,96,124
100,95,124
100,93,840
100,92,840
100,91,840
100,90,840
100,89,840
100,88,840
100,87,840
100,86,840
100,85,840
100,84,840
100,83,840
100,75,484
100,74,484
100,73,484
101,96,124
101,95,840
101,94,840
101,93,840
101,92,840
101,91,840
101,90,840
101,89,840
101,88,840
101,87,840
101,86,840
101,75,484
101,74,484
101,73,320
101,72,558
102,96,124
102,95,840
102,94,840
102,93,840
102,92,840
102,91,840
102,90,840
102,89,840
102,88,840
102,87,840
102,86,840
102,76,484
102,75,484
102,74,320
102,73,320
103,95,840
103,94,840
103,93,840
103,92,840
103,91,840
103,90,840
103,89,840
103,88,840
103,87,840
103,76,484
103,75,320
103,74,320
103,73,222
103,72,222
104,95,840
104,94,840
104,93,840
104,92,840
104,91,840
104,90,840
104,89,840
104,88,840
104,80,192
104,79,192
104,74,320
104,73,222
105,96,840
105,95,840
105,94,840
105,93,840
105,92,840
105,91,840
105,90,840
105,80,192
105,79,192
105,74,340
105,73,222
106,96,840
106,95,840
106,94,840
106,93,840
106,92,840
106,91,840
106,90,840
106,80,192
106,79,192
106,74,340
106,73,558
107,96,840
107,95,840
107,94,840
107,93,840
107,92,840
107,80,192
107,79,192
107,77,388
107,76,388
107,74,340
107,73,558
107,72,188
108,96,840
108,95,840
108,94,840
108,93,840
108,80,192
108,79,192
108,76,388
108,72,188
108,67,170
108,65,218
108,64,218
109,96,840
109,80,192
109,79,192
109,71,591
109,69,170
109,68,170
109,67,170
109,66,170
109,65,218
109,64,218
109,63,218
109,62,604
109,61,604
109,60,604
109,59,604
110,71,591
110,70,170
110,69,170
110,68,170
110,67,170
110,66,170
110,65,170
110,64,218
110,63,218
110,62,604
110,61,604
110,60,604
110,59,604
110,58,604
111,80,332
111,79,332
111,77,332
111,70,170
111,69,170
111,68,170
111,67,170
111,66,170
111,65,170
111,64,858
111,63,858
111,62,76
111,61,76
111,60,604
111,59,604
111,58,604
111,57,604
112,80,332
112,79,332
112,78,332
112,77,332
112,70,328
112,69,170
112,68,170
112,67,170
112,66,170
112,65,858
112,64,858
112,63,76
112,62,76
112,61,76
112,60,76
112,59,604
112,58,604
112,57,68
112,56,152
112,55,152
112,54,152
112,53,152
112,52,152
112,51,152
112,50,152
112,49,152
112,48,152
112,47,152
113,79,214
113,78,214
113,70,862
113,69,862
113,68,170
113,67,170
113,66,170
113,65,76
113,64,76
113,63,76
113,62,76
113,61,76
113,60,76
113,59,68
113,58,68
113,57,68
113,56,32
113,55,32
113,54,32
113,53,152
113,52,152
113,51,152
113,50,32
113,49,32
113,48,32
113,47,32
113,46,32
114,79,214
114,78,214
114,70,862
114,69,862
114,68,862
114,67,862
114,66,76
114,65,76
114,64,76
114,63,76
114,62,76
114,61,76
114,60,76
114,59,68
114,58,68
114,57,32
114,56,32
114,55,32
114,54,32
114,53,32
114,52,32
114,51,32
114,50,32
114,49,32
114,48,32
115,78,214
115,70,862
115,69,862
115,68,862
115,67,76
115,66,76
115,65,76
115,64,76
115,63,76
115,62,76
115,61,76
115,60,76
115,59,76
115,58,32
115,57,32
115,56,32
115,55,600
115,54,32
115,53,32
115,52,32
115,51,32
115,50,32
115,49,32
116,70,862
116,69,862
116,68,76
116,67,76
116,66,76
116,65,76
116,64,76
116,63,76
116,62,76
116,61,76
116,60,76
116,59,76
116,58,76
116,57,32
116,56,600
116,55,600
116,54,32
116,53,32
116,52,32
116,51,32
117,69,76
117,68,76
117,67,76
117,66,76
117,65,76
117,64,76
117,63,76
117,62,76
117,61,76
117,60,76
117,59,76
117,58,76
117,57,76
117,56,76
117,55,76
117,54,32
117,53,32
118,69,76
118,68,76
118,67,76
118,66,76
118,65,76
118,64,76
118,63,76
118,62,76
118,61,76
118,60,76
118,59,76
118,58,76
118,57,76
119,68,76
119,67,76
119,66,76
119,65,76
119,64,76
119,63,76
119,62,76
119,61,76
119,60,76
119,59,76
119,58,76
120,79,630
120,67,76
120,66,76
120,65,76
120,64,76
120,63,76
120,62,76
120,61,76
120,60,76
120,59,76
121,79,630
121,78,630
121,67,76
121,66,76
121,65,76
121,64,76
121,63,76
121,62,76
121,61,76
121,60,76
122,79,630
122,66,76
122,65,76
122,64,76
122,63,76
122,62,76
122,61,76
123,65,76
123,64,76
123,63,76
123,62,76
124,65,76
124,64,76
127,74,780
136,123,826
137,80,724
140,112,372
140,86,620
140,85,620
140,84,620
140,83,620
141,116,826
141,115,826
141,114,372
141,113,372
141,112,372
141,88,620
141,87,620
141,86,620
141,85,620
141,84,620
141,83,620
141,82,620
142,116,826
142,115,826
142,114,372
142,113,372
142,105,826
142,88,724
142,87,620
142,86,620
142,85,620
142,84,620
142,83,620
142,82,620
143,119,826
143,109,826
143,108,826
143,105,826
143,88,724
143,87,724
143,86,724
143,85,724
143,84,724
143,83,724
143,82,724
144,121,826
144,120,826
144,119,826
144,118,826
144,116,826
144,115,826
144,111,826
144,110,826
144,109,826
144,108,826
144,107,826
144,106,826
144,105,826
144,88,724
144,87,724
144,86,724
144,85,724
144,84,724
144,83,724
144,82,724
145,122,826
145,121,826
145,120,826
145,119,826
145,118,826
145,117,826
145,116,826
145,115,826
145,114,826
145,111,826
145,110,826
145,109,826
145,108,826
145,107,826
145,106,826
145,89,724
145,88,724
145,87,724
145,86,724
145,85,724
145,84,724
145,83,724
145,82,724
145,81,724
146,122,826
146,121,826
146,120,826
146,119,826
146,118,826
146,117,826
146,116,826
146,115,826
146,114,826
146,113,826
146,112,826
146,111,826
146,110,826
146,109,826
146,108,826
146,107,826
146,106,826
146,89,724
146,88,724
146,87,724
146,86,724
146,85,724
146,84,724
146,83,724
146,82,724
147,123,826
147,122,826
147,121,826
147,120,826
147,119,826
147,118,826
147,116,826
147,115,826
147,114,826
147,113,826
147,112,826
147,111,826
147,110,826
147,109,826
147,108,826
147,107,826
147,106,826
147,98,250
147,89,724
147,88,724
147,87,724
147,86,724
147,85,724
147,84,724
147,83,724
147,82,724
148,124,826
148,123,826
148,120,826
148,119,826
148,115,826
148,114,826
148,113,826
148,112,826
148,111,826
148,110,826
148,109,826
148,108,826
148,107,826
148,106,826
148,98,250
148,97,250
148,91,250
148,90,250
148,89,724
148,88,724
148,87,724
148,86,724
148,85,724
148,84,724
148,83,724
149,112,826
149,111,826
149,110,826
149,109,826
149,108,826
149,107,826
149,106,826
149,99,250
149,98,250
149,97,250
149,96,250
149,92,250
149,91,250
149,90,250
149,89,724
149,88,724
149,87,724
149,86,724
149,85,724
149,84,724
150,111,826
150,110,826
150,109,826
150,108,826
150,107,826
150,99,250
150,98,250
150,97,250
150,96,250
150,95,250
150,94,250
150,93,250
150,92,250
150,91,250
150,90,250
150,89,250
150,88,724
151,109,826
151,108,826
151,100,250
151,99,250
151,98,250
151,97,250
151,96,250
151,95,250
151,94,250
151,93,250
151,92,250
151,91,250
151,85,724
152,101,250
152,100,250
152,99,250
152,98,250
152,97,250
152,96,250
152,95,250
152,94,250
152,93,250
152,92,250
152,91,250
153,105,528
153,101,250
153,100,250
153,99,250
153,98,250
153,97,250
153,96,250
153,95,250
153,94,250
153,93,250
153,92,250
153,91,250
153,90,250
154,106,528
154,105,528
154,104,528
154,103,250
154,102,250
154,101,250
154,100,250
154,99,250
154,98,250
154,97,250
154,96,250
154,95,250
154,94,250
154,93,250
154,92,250
154,91,250
154,90,250
155,107,528
155,106,528
155,105,528
155,104,528
155,103,528
155,102,56
155,101,56
155,100,56
155,99,56
155,98,250
155,97,250
155,96,250
155,95,250
155,94,250
155,93,250
155,92,250
155,91,250
156,108,528
156,107,528
156,106,528
156,105,528
156,104,528
156,103,56
156,102,56
156,101,56
156,100,56
156,99,56
156,98,250
156,97,250
156,96,250
156,95,250
156,94,250
156,93,250
156,92,380
156,91,380
157,108,528
157,107,528
157,106,528
157,105,528
157,104,528
157,103,56
157,102,56
157,101,56
157,100,56
157,99,56
157,98,56
157,97,56
157,96,56
157,95,442
157,94,756
157,93,756
157,92,380
157,91,380
157,90,380
158,108,528
158,107,276
158,106,276
158,105,276
158,104,276
158,103,276
158,102,276
158,101,276
158,100,276
158,99,276
158,98,276
158,97,276
158,96,276
158,95,276
158,94,756
158,93,756
158,92,756
158,91,380
158,90,380
158,84,380
158,83,380
158,82,380
159,108,276
159,107,276
159,106,276
159,105,276
159,104,276
159,103,276
159,102,276
159,101,276
159,100,276
159,99,276
159,98,276
159,97,276
159,96,276
159,95,276
159,94,756
159,93,756
159,92,756
159,91,380
159,90,380
159,89,380
160,108,276
160,107,276
160,106,276
160,105,276
160,104,276
160,103,276
160,102,276
160,101,276
160,100,276
160,99,276
160,98,276
160,97,276
160,96,276
160,95,276
160,94,756
160,93,380
160,92,380
160,91,380
160,90,380
160,89,380
161,108,276
161,107,276
161,106,276
161,105,276
161,104,276
161,103,276
161,102,276
161,101,276
161,100,276
161,99,276
161,98,276
161,97,276
161,96,276
161,95,276
161,94,380
161,93,380
161,92,380
161,91,380
161,90,380
161,89,380
161,88,380
161,78,380
162,109,276
162,108,276
162,107,276
162,106,276
162,105,276
162,104,276
162,103,276
162,102,276
162,101,276
162,100,276
162,99,276
162,98,276
162,97,276
162,96,276
162,95,276
162,94,380
162,93,380
162,92,380
162,91,380
162,90,380
162,89,380
162,88,380
162,87,380
162,78,380
163,112,208
163,111,208
163,110,276
163,109,276
163,108,276
163,107,276
163,106,276
163,105,276
163,104,276
163,103,276
163,102,276
163,101,276
163,100,276
163,99,276
163,98,276
163,97,276
163,96,276
163,95,276
163,94,40
163,93,380
163,92,380
163,91,380
163,90,380
163,89,380
163,88,380
163,87,380
163,86,380
163,79,380
163,78,380
163,65,324
163,64,694
163,63,694
164,114,208
164,113,208
164,112,208
164,111,208
164,110,276
164,109,276
164,108,276
164,107,276
164,106,276
164,105,276
164,104,276
164,103,276
164,102,276
164,101,276
164,100,276
164,99,276
164,98,276
164,97,276
164,96,276
164,95,276
164,94,40
164,93,380
164,92,380
164,91,380
164,90,380
164,89,380
164,88,380
164,87,380
164,86,380
164,85,380
164,79,380
164,78,380
164,77,380
164,65,324
164,64,694
164,63,694
164,62,430
165,113,208
165,112,208
165,111,208
165,110,276
165,109,276
165,108,276
165,107,276
165,106,276
165,105,276
165,104,276
165,103,276
165,102,276
165,101,276
165,100,276
165,99,276
165,98,276
165,97,276
165,96,40
165,95,40
165,94,40
165,93,380
165,92,380
165,91,380
165,90,380
165,88,380
165,87,380
165,86,380
165,85,380
165,84,380
165,83,380
165,68,686
165,67,270
165,66,324
165,65,324
165,64,324
165,63,324
165,62,430
166,107,276
166,106,276
166,105,276
166,104,276
166,103,276
166,102,276
166,101,276
166,100,276
166,99,276
166,98,276
166,97,276
166,96,40
166,95,40
166,94,40
166,93,380
166,92,380
166,91,380
166,87,380
166,86,380
166,85,380
166,84,380
166,83,380
166,82,380
166,77,380
166,70,504
166,69,478
166,68,686
166,67,686
166,66,624
166,65,384
166,64,384
166,63,384
166,62,384
166,61,384
167,107,276
167,106,276
167,105,616
167,104,276
167,103,276
167,102,276
167,101,276
167,100,276
167,99,276
167,98,276
167,97,276
167,96,40
167,95,40
167,94,40
167,93,380
167,84,380
167,83,380
167,82,380
167,81,380
167,80,380
167,79,380
167,78,380
167,72,504
167,71,504
167,70,854
167,69,854
167,68,686
167,67,686
167,66,288
167,65,288
167,64,288
167,63,288
167,62,288
168,106,616
168,105,616
168,104,616
168,103,616
168,102,276
168,101,276
168,100,276
168,99,203
168,98,203
168,97,203
168,96,40
168,95,40
168,94,40
168,93,380
168,92,705
168,83,380
168,82,380
168,80,380
168,79,380
168,72,504
168,71,504
168,70,854
168,69,854
168,68,566
168,67,566
168,66,288
168,65,288
168,64,288
168,63,288
168,62,288
169,115,578
169,114,578
169,106,616
169,105,616
169,104,616
169,103,616
169,102,616
169,101,616
169,100,203
169,99,203
169,98,203
169,97,203
169,96,703
169,95,703
169,94,348
169,93,348
169,92,705
169,91,705
169,90,191
169,89,191
169,88,191
169,82,380
169,73,504
169,72,504
169,71,504
169,70,854
169,69,854
169,68,566
169,67,566
169,66,566
169,65,768
169,64,768
169,63,768
170,115,578
170,114,578
170,113,752
170,112,752
170,105,616
170,104,616
170,103,616
170,102,616
170,101,616
170,100,203
170,99,203
170,98,203
170,97,203
170,96,703
170,95,703
170,94,348
170,93,348
170,92,348
170,91,191
170,90,191
170,89,70
170,88,191
170,87,191
170,82,380
170,81,380
170,73,504
170,72,504
170,71,504
170,70,854
170,69,854
170,68,566
170,67,566
170,66,204
170,65,204
170,64,204
170,63,204
170,62,204
171,116,578
171,115,578
171,114,578
171,113,752
171,112,752
171,105,616
171,104,616
171,103,616
171,102,616
171,101,616
171,100,616
171,99,203
171,98,203
171,97,203
171,96,703
171,95,348
171,94,348
171,93,348
171,92,348
171,91,688
171,90,688
171,89,70
171,88,70
171,87,191
171,86,499
171,78,470
171,74,504
171,73,504
171,72,504
171,71,466
171,70,466
171,69,466
171,68,566
171,67,566
171,66,566
171,65,566
171,64,566
171,63,566
171,62,566
171,61,566
171,60,566
172,117,752
172,116,752
172,115,752
172,114,752
172,113,752
172,112,752
172,106,616
172,105,616
172,104,616
172,103,616
172,102,616
172,101,616
172,100,616
172,99,203
172,98,203
172,97,203
172,96,703
172,95,348
172,94,348
172,93,348
172,92,688
172,91,688
172,90,688
172,89,688
172,88,70
172,87,70
172,86,8
172,74,504
172,73,504
172,72,12
172,71,466
172,70,466
172,69,466
172,68,566
172,67,566
172,66,566
172,65,566
172,64,566
172,63,566
172,62,566
172,61,566
172,60,566
173,118,752
173,117,752
173,116,752
173,115,246
173,114,246
173,113,246
173,106,616
173,105,616
173,104,616
173,103,616
173,102,616
173,101,616
173,100,616
173,99,203
173,98,804
173,97,804
173,96,703
173,95,348
173,94,348
173,93,348
173,92,688
173,91,688
173,90,688
173,89,688
173,88,688
173,87,100
173,86,8
173,85,300
173,75,504
173,74,504
173,73,12
173,72,12
173,71,466
173,70,466
173,69,466
173,68,566
173,67,566
173,66,566
173,65,566
173,64,566
173,63,566
173,62,566
173,61,566
173,60,566
174,117,752
174,116,246
174,115,246
174,114,246
174,113,246
174,112,246
174,107,616
174,106,616
174,105,616
174,104,616
174,103,616
174,102,616
174,101,616
174,100,616
174,99,804
174,98,804
174,97,804
174,96,804
174,95,348
174,94,348
174,93,348
174,92,642
174,91,642
174,90,642
174,89,100
174,88,688
174,87,100
174,86,807
174,85,300
174,84,300
174,83,300
174,82,300
174,75,12
174,74,12
174,73,12
174,72,12
174,71,12
174,70,566
174,69,566
174,68,566
174,67,566
174,66,566
174,65,566
174,64,566
174,63,566
174,62,566
174,61,566
174,60,566
175,115,643
175,114,643
175,113,643
175,112,643
175,108,616
175,107,616
175,106,440
175,105,440
175,104,112
175,103,616
175,102,616
175,101,616
175,100,616
175,99,804
175,98,804
175,97,804
175,96,804
175,95,804
175,94,348
175,93,642
175,92,642
175,91,642
175,90,642
175,89,100
175,88,100
175,87,100
175,86,807
175,85,300
175,84,300
175,83,300
175,82,300
175,81,300
175,79,300
175,75,12
175,74,12
175,73,12
175,72,12
175,71,12
175,70,566
175,69,566
175,68,566
175,67,566
175,66,566
175,65,566
175,64,566
175,63,566
175,62,566
175,61,566
175,60,566
176,115,643
176,114,643
176,113,643
176,112,643
176,109,233
176,108,428
176,107,428
176,106,440
176,105,440
176,104,112
176,103,112
176,102,112
176,101,804
176,100,804
176,99,804
176,98,804
176,97,804
176,96,804
176,95,642
176,94,642
176,93,642
176,92,642
176,91,642
176,90,642
176,89,100
176,88,100
176,87,100
176,81,300
176,80,300
176,75,788
176,74,788
176,73,12
176,72,12
176,71,12
176,70,12
176,69,566
176,68,566
176,67,566
176,66,566
176,65,566
176,64,566
176,63,566
176,62,566
176,61,566
176,60,120
177,114,643
177,113,643
177,112,643
177,111,643
177,110,642
177,109,233
177,108,428
177,107,428
177,106,440
177,105,112
177,104,112
177,103,112
177,102,112
177,101,804
177,100,804
177,99,804
177,98,804
177,97,804
177,96,804
177,95,642
177,94,642
177,93,642
177,92,642
177,91,642
177,90,642
177,89,100
177,88,100
177,80,300
177,78,300
177,75,788
177,74,788
177,73,788
177,72,788
177,71,562
177,70,12
177,69,566
177,68,566
177,67,566
177,66,566
177,65,566
177,64,566
177,63,120
177,62,120
177,61,120
177,60,120
178,114,643
178,113,643
178,112,643
178,111,643
178,110,643
178,109,643
178,108,643
178,107,643
178,106,643
178,105,643
178,104,112
178,103,112
178,102,112
178,101,804
178,100,804
178,99,804
178,98,804
178,97,804
178,96,804
178,95,642
178,94,642
178,93,642
178,92,642
178,91,642
178,90,642
178,89,100
178,74,788
178,73,434
178,72,562
178,71,562
178,70,566
178,69,566
178,68,566
178,67,566
178,66,728
178,65,148
178,64,148
178,63,120
178,62,120
178,61,120
178,60,120
178,59,266
178,58,178
178,52,24
178,51,24
178,50,24
179,114,643
179,113,643
179,112,643
179,111,643
179,110,643
179,109,643
179,108,643
179,107,643
179,106,643
179,105,643
179,104,112
179,103,112
179,102,112
179,101,804
179,100,804
179,99,804
179,98,804
179,97,804
179,96,804
179,95,642
179,94,642
179,93,642
179,92,642
179,91,642
179,90,100
179,89,100
179,73,434
179,72,562
179,71,562
179,70,729
179,69,729
179,68,729
179,67,728
179,66,728
179,65,148
179,64,148
179,63,148
179,62,140
179,61,140
179,60,108
179,59,180
179,58,178
179,57,180
179,56,180
179,53,24
179,52,24
179,51,24
179,50,24
179,49,516
179,48,710
179,47,710
179,46,710
180,114,643
180,113,643
180,112,643
180,111,643
180,110,643
180,109,643
180,108,643
180,107,643
180,106,643
180,105,643
180,104,643
180,103,643
180,102,643
180,101,643
180,100,643
180,99,643
180,98,804
180,97,804
180,96,804
180,95,804
180,94,642
180,93,642
180,92,498
180,91,498
180,90,498
180,84,792
180,81,196
180,74,818
180,73,818
180,72,818
180,71,818
180,70,818
180,69,729
180,68,729
180,67,729
180,66,728
180,65,800
180,64,800
180,63,800
180,62,140
180,61,108
180,60,108
180,59,180
180,58,180
180,57,180
180,56,180
180,55,180
180,54,180
180,53,180
180,52,24
180,51,24
180,50,716
180,49,716
180,48,710
180,47,710
180,46,710
180,45,710
181,114,643
181,113,643
181,112,643
181,111,643
181,110,643
181,109,643
181,108,643
181,107,643
181,106,643
181,105,643
181,104,643
181,103,643
181,102,643
181,101,643
181,100,643
181,99,643
181,98,804
181,97,804
181,96,804
181,95,804
181,94,804
181,93,804
181,92,804
181,91,498
181,85,792
181,84,792
181,83,792
181,74,818
181,73,818
181,72,818
181,71,818
181,70,818
181,69,729
181,68,729
181,67,729
181,66,728
181,65,800
181,64,800
181,63,800
181,62,108
181,61,108
181,60,180
181,59,180
181,58,180
181,57,180
181,56,180
181,55,180
181,54,180
181,53,180
181,52,72
181,51,716
181,50,716
181,49,716
181,48,710
181,47,710
181,46,710
181,45,710
182,112,643
182,111,643
182,110,643
182,109,643
182,108,643
182,107,643
182,106,643
182,105,643
182,104,643
182,103,643
182,102,643
182,101,643
182,100,643
182,99,643
182,98,804
182,97,804
182,96,804
182,95,804
182,94,804
182,93,804
182,92,804
182,91,498
182,85,792
182,84,792
182,83,792
182,74,818
182,73,818
182,72,818
182,71,818
182,70,818
182,69,729
182,68,729
182,67,729
182,66,800
182,65,800
182,64,800
182,63,800
182,62,646
182,61,646
182,60,180
182,59,180
182,58,834
182,57,180
182,56,180
182,55,180
182,54,180
182,53,180
182,52,710
182,51,710
182,50,710
182,49,716
182,48,710
182,47,710
182,46,426
182,45,710
183,110,643
183,109,643
183,108,643
183,107,643
183,106,643
183,105,643
183,104,643
183,103,643
183,102,643
183,101,643
183,100,643
183,99,643
183,98,804
183,97,804
183,96,804
183,95,804
183,94,804
183,93,804
183,92,804
183,91,804
183,85,792
183,84,792
183,83,792
183,75,818
183,74,818
183,73,818
183,72,818
183,71,818
183,70,818
183,69,231
183,68,231
183,67,231
183,66,231
183,65,231
183,64,231
183,63,800
183,62,646
183,61,646
183,60,834
183,59,834
183,58,834
183,57,834
183,56,454
183,55,454
183,54,454
183,53,894
183,52,894
183,51,894
183,50,710
183,49,710
183,48,748
183,47,710
183,46,710
183,45,710
184,110,643
184,109,643
184,108,643
184,107,643
184,106,643
184,105,643
184,104,643
184,103,643
184,102,643
184,101,643
184,100,643
184,99,643
184,98,804
184,97,804
184,96,804
184,95,804
184,94,804
184,93,804
184,92,804
184,91,804
184,85,792
184,84,792
184,83,792
184,82,792
184,75,818
184,74,818
184,73,818
184,72,818
184,71,818
184,70,818
184,69,231
184,68,231
184,67,231
184,66,231
184,65,231
184,64,231
184,63,800
184,62,404
184,61,404
184,60,834
184,59,834
184,58,834
184,57,834
184,56,508
184,55,454
184,54,454
184,53,454
184,52,894
184,51,894
184,50,508
184,49,710
184,48,710
184,47,710
184,46,710
185,109,643
185,108,643
185,107,643
185,106,643
185,105,643
185,104,643
185,103,643
185,102,643
185,101,643
185,100,643
185,99,643
185,98,643
185,97,643
185,96,643
185,95,643
185,94,804
185,93,804
185,92,804
185,91,804
185,86,792
185,85,792
185,84,792
185,83,792
185,82,792
185,76,818
185,75,818
185,74,818
185,73,818
185,72,818
185,71,818
185,70,818
185,69,231
185,68,231
185,67,231
185,66,231
185,65,231
185,64,231
185,63,404
185,62,404
185,61,404
185,60,834
185,59,834
185,58,834
185,57,508
185,56,508
185,55,508
185,54,508
185,53,508
185,52,508
185,51,508
185,50,508
186,108,643
186,107,643
186,106,643
186,105,643
186,104,643
186,103,643
186,102,643
186,101,643
186,100,643
186,99,643
186,98,643
186,97,643
186,96,643
186,95,643
186,94,643
186,93,643
186,92,804
186,91,804
186,86,792
186,85,792
186,84,792
186,83,792
186,82,760
186,81,422
186,80,422
186,79,376
186,78,376
186,77,376
186,74,818
186,73,818
186,72,818
186,71,818
186,70,818
186,69,231
186,68,231
186,67,231
186,66,231
186,65,231
186,64,231
186,63,404
186,62,404
186,61,404
186,60,404
186,59,834
186,58,834
186,57,834
186,53,508
186,52,508
187,104,643
187,103,643
187,102,643
187,101,643
187,100,643
187,99,643
187,98,643
187,97,643
187,96,643
187,95,643
187,94,643
187,93,643
187,92,643
187,86,792
187,85,792
187,84,792
187,83,792
187,82,760
187,81,760
187,80,422
187,79,275
187,78,275
187,72,818
187,71,818
187,70,818
187,69,231
187,68,231
187,67,231
187,66,231
187,65,231
187,64,231
187,62,404
187,61,404
187,60,404
188,103,643
188,102,643
188,101,643
188,100,643
188,99,643
188,98,643
188,97,643
188,96,643
188,95,643
188,94,643
188,93,643
188,92,643
188,91,643
188,86,792
188,85,792
188,84,792
188,83,792
188,82,760
188,81,760
188,80,760
188,79,368
188,78,400
188,70,232
188,69,232
188,68,231
188,67,231
188,66,231
188,65,231
188,64,231
188,50,450
188,49,450
188,48,450
189,103,643
189,102,643
189,101,643
189,100,643
189,99,643
189,98,643
189,97,643
189,96,643
189,95,643
189,94,643
189,93,643
189,92,643
189,91,643
189,90,643
189,89,268
189,88,268
189,86,792
189,85,792
189,84,792
189,83,792
189,82,792
189,81,368
189,80,760
189,79,368
189,78,682
189,77,682
189,69,706
189,68,706
189,67,706
189,51,450
189,50,450
189,49,450
189,48,450
190,100,643
190,99,643
190,98,643
190,97,643
190,96,643
190,95,643
190,94,643
190,93,643
190,92,643
190,91,643
190,90,643
190,89,268
190,88,268
190,87,792
190,86,792
190,85,792
190,84,792
190,83,364
190,82,368
190,81,368
190,80,368
190,79,368
190,78,368
190,77,682
190,76,887
190,68,706
190,51,450
191,97,643
191,96,643
191,95,643
191,94,643
191,93,643
191,92,643
191,91,643
191,90,643
191,89,268
191,88,51
191,87,51
191,86,792
191,85,792
191,84,364
191,83,364
191,82,364
191,81,364
191,80,368
191,79,368
191,78,368
191,77,887
191,76,887
191,75,887
191,74,887
192,96,643
192,95,643
192,94,643
192,93,643
192,92,643
192,91,643
192,90,643
192,89,268
192,88,51
192,87,31
192,86,860
192,85,364
192,84,364
192,83,364
192,82,364
192,81,364
192,80,364
192,77,887
192,76,887
192,75,887
192,52,480
193,95,643
193,94,643
193,93,643
193,92,643
193,91,643
193,90,643
193,89,268
193,88,31
193,87,31
193,86,860
193,85,860
193,84,364
193,83,364
193,82,364
193,81,364
193,80,364
193,79,364
193,76,512
193,75,887
194,91,643
194,90,643
194,89,31
194,88,31
194,87,31
194,86,860
194,85,860
194,84,860
194,83,860
194,82,364
194,81,364
194,80,364
194,79,364
194,78,364
195,87,398
195,86,398
195,85,860
195,84,860
195,83,860
195,82,364
195,81,364
195,80,364
195,79,364
195,78,364
196,89,795
196,88,795
196,87,398
196,86,398
196,85,860
196,84,860
196,83,364
196,82,364
196,81,364
196,80,364
196,79,364
196,78,364
197,88,795
197,87,398
197,86,398
197,85,417
197,84,762
197,83,762
197,82,4
197,81,4
197,80,4
197,79,4
197,78,4
198,87,398
198,86,398
198,85,417
198,84,762
198,83,4
198,82,4
198,81,4
198,80,4
198,79,586
198,78,586
198,77,586
198,76,586
199,87,398
199,86,398
199,85,417
199,84,417
199,83,4
199,82,4
199,81,4
199,80,586
199,79,586
199,78,586
199,77,586
199,76,586
200,87,398
200,86,398
200,84,4
200,83,4
200,82,4
200,81,586
200,80,586
200,79,586
200,78,586
200,77,586
200,76,586
200,75,586
201,87,398
201,86,398
201,83,4
201,82,586
201,81,586
201,80,586
201,79,586
201,78,586
201,77,586
201,76,586
202,82,586
202,81,586
202,80,586
202,79,586
202,78,586
202,77,586
202,76,586
202,75,586
202,74,586
202,72,356
202,71,356
202,70,356
202,68,356
203,82,586
203,81,586
203,80,586
203,79,586
203,78,586
203,77,586
203,76,586
203,75,586
203,74,586
203,73,586
203,72,356
203,71,356
203,70,356
203,68,356
203,67,356
204,81,586
204,80,586
204,79,586
204,78,586
204,77,586
204,76,586
204,75,586
204,74,586
204,73,586
204,72,356
204,71,356
204,70,356
204,69,356
204,68,356
204,67,356
205,81,586
205,80,586
205,79,586
205,78,586
205,77,586
205,76,586
205,75,586
205,74,586
205,73,586
205,72,356
205,71,356
205,70,356
205,69,356
205,68,356
205,67,356
205,66,356
206,81,586
206,80,586
206,79,586
206,78,586
206,77,586
206,76,586
206,75,586
206,74,586
206,73,586
206,72,356
206,71,356
206,70,356
206,69,356
206,68,356
206,67,356
207,87,356
207,86,356
207,85,356
207,84,356
207,83,356
207,82,356
207,81,586
207,80,586
207,79,586
207,78,356
207,77,356
207,76,356
207,75,356
207,74,356
207,73,356
207,72,356
207,71,356
207,70,356
207,69,356
207,68,356
207,67,356
207,66,356
207,65,356
207,64,356
207,63,356
207,62,356
207,61,356
207,60,356
207,59,356
207,58,356
207,57,356
208,88,356
208,87,356
208,86,356
208,85,356
208,84,356
208,83,356
208,82,356
208,81,356
208,80,356
208,79,356
208,78,356
208,77,356
208,76,356
208,75,356
208,74,356
208,73,356
208,72,356
208,71,356
208,70,356
208,69,356
208,68,356
208,67,356
208,66,356
208,65,356
208,64,356
208,63,356
208,62,356
208,61,356
208,60,356
208,59,356
208,58,356
208,57,356
208,56,356
208,55,356
208,54,356
208,53,356
209,88,356
209,87,356
209,86,356
209,85,356
209,84,356
209,83,356
209,82,356
209,81,356
209,80,356
209,79,356
209,78,356
209,77,356
209,76,356
209,75,356
209,74,356
209,73,356
209,72,356
209,71,356
209,70,356
209,69,356
209,68,356
209,67,356
209,66,356
209,65,356
209,64,356
209,63,356
209,62,356
209,61,356
209,60,356
209,59,356
209,58,356
209,57,356
209,56,356
209,55,356
209,54,356
209,53,356
209,52,356
209,51,356
209,50,356
210,88,356
210,87,356
210,86,356
210,85,356
210,84,356
210,83,356
210,82,356
210,81,356
210,80,356
210,79,356
210,78,356
210,77,356
210,76,356
210,75,356
210,74,356
210,73,356
210,72,356
210,71,356
210,70,356
210,69,356
210,68,356
210,67,356
210,66,356
210,65,356
210,64,356
210,63,356
210,62,356
210,61,356
210,60,356
210,59,356
210,58,356
210,57,356
210,56,356
210,55,356
210,54,356
210,53,356
210,52,356
210,51,356
210,50,356
210,49,356
210,48,356
210,47,356
210,46,356
210,45,356
211,88,356
211,87,356
211,86,356
211,85,356
211,84,356
211,83,356
211,82,356
211,81,356
211,80,356
211,79,356
211,78,356
211,77,356
211,76,356
211,75,356
211,74,356
211,73,356
211,72,356
211,71,356
211,70,356
211,69,356
211,68,356
211,67,356
211,66,356
211,65,356
211,64,356
211,63,356
211,62,356
211,61,356
211,60,356
211,59,356
211,58,356
211,57,356
211,56,356
211,55,356
211,54,356
211,53,356
211,52,356
211,51,356
211,50,356
211,49,356
211,48,356
211,47,356
211,46,356
211,45,356
212,88,356
212,87,356
212,86,356
212,85,356
212,84,356
212,83,356
212,82,356
212,81,356
212,80,356
212,79,356
212,78,356
212,77,356
212,76,356
212,75,356
212,74,356
212,73,356
212,72,356
212,71,356
212,70,356
212,69,356
212,68,356
212,67,356
212,66,356
212,65,356
212,64,356
212,63,356
212,62,356
212,61,356
212,60,356
212,59,356
212,58,356
212,57,356
212,56,356
212,55,356
212,54,356
212,53,356
212,52,356
212,51,356
212,50,356
212,49,356
212,48,356
212,47,356
212,46,356
212,45,356
213,89,356
213,88,356
213,87,356
213,86,356
213,85,356
213,84,356
213,83,356
213,82,356
213,81,356
213,80,356
213,79,356
213,78,356
213,77,356
213,76,356
213,75,356
213,74,356
213,73,356
213,72,356
213,71,356
213,70,356
213,69,356
213,68,356
213,67,356
213,66,356
213,65,356
213,64,356
213,63,356
213,62,356
213,61,356
213,60,356
213,59,356
213,58,356
213,57,356
213,56,356
213,55,356
213,54,356
213,53,356
213,52,356
213,51,356
213,50,356
213,49,356
213,48,356
213,47,356
213,46,356
213,45,356
214,89,356
214,88,356
214,87,356
214,86,356
214,85,356
214,84,356
214,83,356
214,82,356
214,81,356
214,80,356
214,79,356
214,78,356
214,77,356
214,76,356
214,75,356
214,74,356
214,73,356
214,72,356
214,71,356
214,70,356
214,69,356
214,68,356
214,67,356
214,66,356
214,65,356
214,64,356
214,63,356
214,62,356
214,61,356
214,60,356
214,59,356
214,58,356
214,57,356
214,56,356
214,55,356
214,54,356
214,53,356
214,52,356
214,51,356
214,50,356
214,49,356
214,48,356
214,47,356
214,46,356
214,45,356
215,89,356
215,88,356
215,87,356
215,86,356
215,85,356
215,84,356
215,83,356
215,82,356
215,81,356
215,80,356
215,79,356
215,78,356
215,77,356
215,76,356
215,75,356
215,74,356
215,73,356
215,72,356
215,71,356
215,70,356
215,69,356
215,68,356
215,67,356
215,66,356
215,65,356
215,64,356
215,63,356
215,62,356
215,61,356
215,60,356
215,59,356
215,58,356
215,57,356
215,56,356
215,55,356
215,54,356
215,53,356
215,52,356
215,51,356
215,50,356
215,49,356
215,48,356
215,47,356
216,89,356
216,88,356
216,87,356
216,86,356
216,85,356
216,84,356
216,83,356
216,82,356
216,81,356
216,80,356
216,79,356
216,78,356
216,77,356
216,76,356
216,75,356
216,74,356
216,73,356
216,72,356
216,71,356
216,70,356
216,69,356
216,68,356
216,67,356
216,66,356
216,65,356
216,64,356
216,63,356
216,62,356
216,61,356
216,60,356
216,59,356
216,58,356
216,57,356
216,56,356
216,55,356
216,54,356
216,53,356
216,52,356
216,51,356
216,50,356
216,49,356
216,48,356
216,41,144
216,40,144
216,39,144
217,88,356
217,87,356
217,86,356
217,85,356
217,84,524
217,83,356
217,82,356
217,81,356
217,80,356
217,79,356
217,78,356
217,77,356
217,76,356
217,75,356
217,74,356
217,73,356
217,72,356
217,71,356
217,70,356
217,69,356
217,68,356
217,67,356
217,66,356
217,65,356
217,64,356
217,63,356
217,62,356
217,61,356
217,60,356
217,59,356
217,58,356
217,57,356
217,56,356
217,55,356
217,54,356
217,53,356
217,52,356
217,51,356
217,43,144
217,42,144
217,41,144
217,40,144
217,39,144
218,90,156
218,89,156
218,88,156
218,87,524
218,86,524
218,85,524
218,84,524
218,83,356
218,82,356
218,81,356
218,80,356
218,79,356
218,78,356
218,77,356
218,76,356
218,75,356
218,74,356
218,73,356
218,72,356
218,71,356
218,70,356
218,69,356
218,68,356
218,67,356
218,66,356
218,65,356
218,64,356
218,63,356
218,62,356
218,61,356
218,60,356
218,59,356
218,58,356
218,57,356
218,56,356
218,55,356
218,54,356
218,53,356
218,42,144
218,41,144
218,40,144
218,39,144
219,91,156
219,90,156
219,89,156
219,88,156
219,87,524
219,86,524
219,85,524
219,84,524
219,83,524
219,82,356
219,81,356
219,80,356
219,79,356
219,78,356
219,77,356
219,76,356
219,75,356
219,74,356
219,73,356
219,72,356
219,71,356
219,70,356
219,69,356
219,68,356
219,67,356
219,66,356
219,65,356
219,64,356
219,63,356
219,62,356
219,61,356
219,60,356
219,59,356
219,58,356
219,42,144
219,41,144
219,40,144
219,39,144
220,93,156
220,92,156
220,91,156
220,90,156
220,89,156
220,88,156
220,87,156
220,86,156
220,85,156
220,84,156
220,83,524
220,82,356
220,81,356
220,80,356
220,79,356
220,78,356
220,77,356
220,76,356
220,75,356
220,74,356
220,73,356
220,72,356
220,71,356
220,70,356
220,69,356
220,68,356
220,67,356
220,66,356
220,65,356
220,64,356
220,63,356
220,62,356
220,61,356
220,60,356
220,59,356
221,97,156
221,96,156
221,95,156
221,94,156
221,93,156
221,92,156
221,91,156
221,90,156
221,89,156
221,88,156
221,87,156
221,86,156
221,85,156
221,84,156
221,83,524
221,82,524
221,81,356
221,80,356
221,79,356
221,78,356
221,77,356
221,76,356
221,75,356
221,74,356
221,73,356
221,72,356
221,71,356
221,70,356
221,69,356
221,68,356
221,67,356
221,66,356
221,65,356
221,64,356
221,63,356
221,62,356
221,61,356
221,60,356
222,98,156
222,97,156
222,96,156
222,95,156
222,94,156
222,93,156
222,92,156
222,91,156
222,90,156
222,89,156
222,88,156
222,87,156
222,86,156
222,85,156
222,84,156
222,83,156
222,82,524
222,81,356
222,80,356
222,79,356
222,78,356
222,77,356
222,76,356
222,75,356
222,74,356
222,73,356
222,72,356
222,71,356
222,70,356
222,69,356
222,68,356
222,67,356
222,66,356
222,65,356
222,64,356
222,63,356
223,100,156
223,99,156
223,98,156
223,97,156
223,96,156
223,95,156
223,94,156
223,93,156
223,92,156
223,91,156
223,90,156
223,89,156
223,88,156
223,87,156
223,86,156
223,85,156
223,84,156
223,83,156
223,82,524
223,81,356
223,80,356
223,79,356
223,78,356
223,77,356
223,76,356
223,75,356
223,74,356
223,73,356
223,72,356
223,71,356
223,70,356
223,69,356
223,68,356
223,67,356
223,66,356
224,100,156
224,99,156
224,98,156
224,97,156
224,96,156
224,95,156
224,94,156
224,93,156
224,92,156
224,91,156
224,90,156
224,89,156
224,88,156
224,87,156
224,86,156
224,85,156
224,84,156
224,83,156
224,82,156
224,81,524
224,80,356
224,79,356
224,78,356
224,77,356
224,76,356
224,75,356
224,74,356
224,73,356
224,72,356
224,71,356
224,70,356
224,69,356
224,68,356
224,67,356
225,100,156
225,99,156
225,98,156
225,97,156
225,96,156
225,95,156
225,94,156
225,93,156
225,92,156
225,91,156
225,90,156
225,89,156
225,88,156
225,87,156
225,86,156
225,85,156
225,84,156
225,83,156
225,82,156
225,81,524
225,80,356
225,79,356
225,78,50
225,77,50
225,76,50
225,75,50
225,74,50
225,73,50
225,72,356
225,71,356
225,70,356
225,69,356
225,68,356
225,67,356
226,100,156
226,99,156
226,98,156
226,97,156
226,96,156
226,95,156
226,94,156
226,93,156
226,92,156
226,91,156
226,90,156
226,89,156
226,88,156
226,87,156
226,86,156
226,85,156
226,84,156
226,83,156
226,82,156
226,81,156
226,80,156
226,79,356
226,78,50
226,77,50
226,76,50
226,75,50
226,74,50
226,73,50
226,72,50
226,71,50
226,70,356
226,69,356
226,68,356
226,67,50
227,100,156
227,99,156
227,98,156
227,97,156
227,96,156
227,95,156
227,94,156
227,93,156
227,92,156
227,91,156
227,90,156
227,89,156
227,88,156
227,87,156
227,86,156
227,85,156
227,84,156
227,83,156
227,82,156
227,81,156
227,80,156
227,79,356
227,78,356
227,77,50
227,76,50
227,75,50
227,74,50
227,73,50
227,72,50
227,71,50
227,70,50
227,69,50
227,68,50
227,67,50
228,100,156
228,99,156
228,98,156
228,97,156
228,96,156
228,95,156
228,94,156
228,93,156
228,92,156
228,91,156
228,90,156
228,89,156
228,88,156
228,87,156
228,86,156
228,85,156
228,84,156
228,83,156
228,82,156
228,81,156
228,80,156
228,79,356
228,78,356
228,77,50
228,76,50
228,75,50
228,74,50
228,73,50
228,72,50
228,71,50
228,70,50
228,69,50
228,68,50
228,67,50
229,100,156
229,99,156
229,98,156
229,97,156
229,96,156
229,95,156
229,94,156
229,93,156
229,92,156
229,91,156
229,90,156
229,89,156
229,88,156
229,87,156
229,86,156
229,85,156
229,84,156
229,83,156
229,82,156
229,81,156
229,80,156
229,79,356
229,78,356
229,77,50
229,76,50
229,75,50
229,74,50
229,73,50
229,72,50
229,71,50
229,70,50
229,69,50
229,68,50
230,100,156
230,99,156
230,98,156
230,97,156
230,96,156
230,95,156
230,94,156
230,93,156
230,92,156
230,91,156
230,90,156
230,89,156
230,88,156
230,87,156
230,86,156
230,85,156
230,84,156
230,83,156
230,82,156
230,81,156
230,80,156
230,79,356
230,78,356
230,77,356
230,76,50
230,75,50
230,74,50
230,73,50
230,72,50
230,71,50
230,70,50
230,69,50
230,68,50
231,100,156
231,99,156
231,98,156
231,97,156
231,96,156
231,95,156
231,94,156
231,93,156
231,92,156
231,91,156
231,90,156
231,89,156
231,88,156
231,87,156
231,86,156
231,85,156
231,84,156
231,83,156
231,82,156
231,81,156
231,80,156
231,79,356
231,78,356
231,77,356
231,76,50
231,75,50
231,74,50
231,73,50
231,72,50
231,71,50
231,70,50
231,69,50
231,68,50
231,67,50
232,99,156
232,98,156
232,97,156
232,96,156
232,95,156
232,94,156
232,93,156
232,92,156
232,91,156
232,90,156
232,89,156
232,88,156
232,87,156
232,86,156
232,85,156
232,84,156
232,83,156
232,82,156
232,81,156
232,80,156
232,79,356
232,78,356
232,77,356
232,76,50
232,75,50
232,74,356
232,73,356
232,72,356
232,71,50
232,70,50
232,69,50
232,68,50
232,67,50
233,99,156
233,98,156
233,97,156
233,96,156
233,95,156
233,94,156
233,93,156
233,92,156
233,91,156
233,90,156
233,89,156
233,88,156
233,87,156
233,86,156
233,85,156
233,84,156
233,83,156
233,82,156
233,81,156
233,80,156
233,79,356
233,78,356
233,77,356
233,76,50
233,75,50
233,74,356
233,73,356
233,72,356
233,71,50
233,70,50
233,69,50
233,68,50
233,67,50
233,66,50
234,99,156
234,98,156
234,97,156
234,96,156
234,95,156
234,94,156
234,93,156
234,92,156
234,91,156
234,90,156
234,89,156
234,88,156
234,87,156
234,86,156
234,85,156
234,84,156
234,83,156
234,82,156
234,81,156
234,80,156
234,79,356
234,78,356
234,77,356
234,76,356
234,75,50
234,74,356
234,73,356
235,99,156
235,98,156
235,97,156
235,96,156
235,95,156
235,94,156
235,93,156
235,92,156
235,91,156
235,90,156
235,89,156
235,88,156
235,87,156
235,86,156
235,85,156
235,84,156
235,83,156
235,82,156
235,81,156
235,80,156
235,79,156
235,78,156
235,77,356
235,76,356
235,75,356
235,74,356
235,73,356
235,72,356
235,71,356
236,97,156
236,96,156
236,95,156
236,94,156
236,93,156
236,92,156
236,91,156
236,90,156
236,89,156
236,88,156
236,87,156
236,86,156
236,85,156
236,84,156
236,83,156
236,82,156
236,81,156
236,80,156
236,79,156
236,78,156
236,77,356
236,76,356
236,75,356
236,74,356
236,73,356
236,72,356
236,71,356
237,97,496
237,96,156
237,95,156
237,94,156
237,93,156
237,92,156
237,91,156
237,90,156
237,89,156
237,88,156
237,87,156
237,86,156
237,85,156
237,84,156
237,83,156
237,82,156
237,81,156
237,80,156
237,79,156
237,78,156
237,77,156
237,76,356
237,75,356
237,74,356
237,73,356
237,72,356
237,71,356
238,97,496
238,96,156
238,95,156
238,94,156
238,93,156
238,92,156
238,91,156
238,90,156
238,89,156
238,88,156
238,87,156
238,86,156
238,85,156
238,84,156
238,83,156
238,82,156
238,81,156
238,80,156
238,79,156
238,78,156
238,77,156
238,76,356
238,75,356
238,74,356
238,73,356
238,72,356
239,96,156
239,95,156
239,94,156
239,93,156
239,92,156
239,91,156
239,90,156
239,89,156
239,88,156
239,87,156
239,86,156
239,85,156
239,84,156
239,83,156
239,82,156
239,81,156
239,80,156
239,79,156
239,78,156
239,77,156
240,96,156
240,95,156
240,94,156
240,93,156
240,92,156
240,91,156
240,90,156
240,89,156
240,88,156
240,87,156
240,86,156
240,85,156
240,84,156
240,83,156
240,82,156
240,81,156
240,80,156
240,79,156
240,78,156
240,77,156
241,95,156
241,94,156
241,93,156
241,92,156
241,91,156
241,90,156
241,89,156
241,88,156
241,87,156
241,86,156
241,85,156
241,84,156
241,83,156
241,82,156
241,81,156
241,80,156
241,79,156
241,78,156
241,77,156
241,76,156
242,95,156
242,94,156
242,93,156
242,92,156
242,91,156
242,90,156
242,89,156
242,88,156
242,87,156
242,86,156
242,85,156
242,84,156
242,83,156
242,82,156
242,81,156
242,80,156
242,79,156
242,78,156
242,77,156
242,76,156
243,95,156
243,94,156
243,93,156
243,92,156
243,91,156
243,90,156
243,89,156
243,88,156
243,87,156
243,86,156
243,85,156
243,84,156
243,83,156
243,82,156
243,81,156
243,80,156
243,79,156
243,78,156
243,77,156
243,76,156
243,75,156
243,74,156
243,73,156
244,95,156
244,94,156
244,93,156
244,92,156
244,91,156
244,90,156
244,89,156
244,88,156
244,87,156
244,86,156
244,85,156
244,84,156
244,83,156
244,82,156
244,81,156
244,80,156
244,79,156
244,78,156
244,77,156
244,76,156
244,75,156
244,74,156
244,73,156
244,72,156
245,95,156
245,94,156
245,93,156
245,92,156
245,91,156
245,90,156
245,89,156
245,88,156
245,87,156
245,86,156
245,85,156
245,84,156
245,83,156
245,82,156
245,81,156
245,80,156
245,79,156
245,78,156
245,77,156
245,76,156
245,75,156
245,74,156
245,73,156
245,72,156
246,96,156
246,95,156
246,94,156
246,93,156
246,92,156
246,91,156
246,90,156
246,89,156
246,88,156
246,87,156
246,86,156
246,85,156
246,84,156
246,83,156
246,82,156
246,81,156
246,80,156
246,79,156
246,78,156
246,77,156
246,76,156
246,75,156
246,74,156
246,73,156
247,96,156
247,95,156
247,94,156
247,93,156
247,92,156
247,91,156
247,90,156
247,89,156
247,88,156
247,87,156
247,86,156
247,85,156
247,84,156
247,83,156
247,82,156
247,81,156
247,80,156
247,79,156
247,78,156
247,77,156
247,76,156
247,75,156
247,74,156
247,73,156
247,70,104
247,69,104
248,96,156
248,95,156
248,94,156
248,93,156
248,92,156
248,91,156
248,90,156
248,89,156
248,88,156
248,87,156
248,86,156
248,85,156
248,84,156
248,83,156
248,82,156
248,81,156
248,80,156
248,79,156
248,78,156
248,77,156
248,76,156
248,75,156
248,74,156
248,73,156
248,72,104
248,71,104
248,70,104
248,69,104
248,68,104
248,67,104
248,66,104
249,96,156
249,95,156
249,94,156
249,93,156
249,92,156
249,91,156
249,90,156
249,89,156
249,88,156
249,87,156
249,86,156
249,85,156
249,84,156
249,83,156
249,82,156
249,81,156
249,80,156
249,79,156
249,78,156
249,77,156
249,76,156
249,75,156
249,74,156
249,73,156
249,72,156
249,71,104
249,70,104
249,69,104
249,68,104
249,67,104
249,66,104
250,97,156
250,96,156
250,95,156
250,94,156
250,93,156
250,92,156
250,91,156
250,90,156
250,89,156
250,88,156
250,87,156
250,86,156
250,85,156
250,84,156
250,83,156
250,82,156
250,81,156
250,80,156
250,79,156
250,78,156
250,77,156
250,76,156
250,75,156
250,74,156
250,73,156
250,72,156
250,71,156
250,70,156
250,69,104
250,68,104
250,67,104
250,66,104
250,65,104
250,64,104
251,97,156
251,96,156
251,95,156
251,94,156
251,93,156
251,92,156
251,91,156
251,90,156
251,89,156
251,88,156
251,87,156
251,86,156
251,85,156
251,84,156
251,83,156
251,82,156
251,81,156
251,80,156
251,79,156
251,78,156
251,77,156
251,76,156
251,75,156
251,74,156
251,73,156
251,72,156
251,71,156
251,70,156
251,69,104
251,68,104
251,67,104
251,66,104
251,65,104
251,64,104
251,63,104
252,98,156
252,97,156
252,96,156
252,95,156
252,94,156
252,93,156
252,92,156
252,91,156
252,90,156
252,89,156
252,88,156
252,87,156
252,86,156
252,85,156
252,84,156
252,83,156
252,82,156
252,81,156
252,80,156
252,79,156
252,78,156
252,77,156
252,76,156
252,75,156
252,74,156
252,73,156
252,72,156
252,71,156
252,70,156
252,69,156
252,68,104
252,67,764
252,66,764
252,65,764
252,64,764
252,63,764
252,62,764
252,61,764
252,60,764
252,59,764
253,98,156
253,97,156
253,96,156
253,95,156
253,94,156
253,93,156
253,92,156
253,91,156
253,90,156
253,89,156
253,88,156
253,87,156
253,86,156
253,85,156
253,84,156
253,83,156
253,82,156
253,81,156
253,80,156
253,79,156
253,78,156
253,77,156
253,76,156
253,75,156
253,74,156
253,73,156
253,72,156
253,71,156
253,70,156
253,69,104
253,68,104
253,67,764
253,66,764
253,65,764
253,64,764
253,63,764
253,62,764
253,58,764
254,99,156
254,98,156
254,97,156
254,96,156
254,95,156
254,94,156
254,93,156
254,92,156
254,91,156
254,90,156
254,89,156
254,88,156
254,87,156
254,86,156
254,85,156
254,84,156
254,83,156
254,82,156
254,81,156
254,80,156
254,79,156
254,78,156
254,77,156
254,76,156
254,75,156
254,74,156
254,73,156
254,72,156
254,71,104
254,70,104
254,69,104
254,68,104
254,67,764
254,66,764
254,65,764
254,64,764
254,63,764
254,62,764
254,61,764
254,57,764
254,56,764
255,100,156
255,99,156
255,98,156
255,97,156
255,96,156
255,95,156
255,94,156
255,93,156
255,92,156
255,91,156
255,90,156
255,89,156
255,88,156
255,87,156
255,86,156
255,85,156
255,84,156
255,83,156
255,82,156
255,81,156
255,80,156
255,79,156
255,78,156
255,77,156
255,76,156
255,75,156
255,74,704
255,73,704
255,72,704
255,71,704
255,70,704
255,69,704
255,68,704
255,67,764
255,66,764
255,65,764
255,64,764
255,63,764
255,62,764
255,61,764
255,56,764
255,55,764
255,54,458
255,53,458
256,100,156
256,99,156
256,98,156
256,97,156
256,96,156
256,95,156
256,94,156
256,93,156
256,92,156
256,91,156
256,90,156
256,89,156
256,88,156
256,87,156
256,86,156
256,85,156
256,84,156
256,83,156
256,82,156
256,81,156
256,80,156
256,79,156
256,78,156
256,77,156
256,76,156
256,75,156
256,74,704
256,73,704
256,72,704
256,71,704
256,70,704
256,69,704
256,68,704
256,67,418
256,66,764
256,65,764
256,64,764
256,63,764
256,62,116
256,61,116
256,60,116
256,53,458
256,52,458
256,47,360
257,101,156
257,100,156
257,99,156
257,98,156
257,97,156
257,96,156
257,95,156
257,94,156
257,93,156
257,92,156
257,91,156
257,90,156
257,89,156
257,88,156
257,87,156
257,86,156
257,85,156
257,84,156
257,83,156
257,82,156
257,81,156
257,80,156
257,79,156
257,78,156
257,77,156
257,76,156
257,74,704
257,73,704
257,72,704
257,71,704
257,70,704
257,69,704
257,68,704
257,67,418
257,66,418
257,65,764
257,64,764
257,63,764
257,62,116
257,61,116
257,60,116
257,52,458
257,51,458
257,50,458
257,49,360
258,103,156
258,102,156
258,101,156
258,100,156
258,99,156
258,98,156
258,97,156
258,96,156
258,95,156
258,94,156
258,93,156
258,92,156
258,91,156
258,90,156
258,89,156
258,88,156
258,87,156
258,86,156
258,85,156
258,84,156
258,83,156
258,82,156
258,81,156
258,80,156
258,79,156
258,78,156
258,77,156
258,76,156
258,74,704
258,73,704
258,72,704
258,71,704
258,70,704
258,69,704
258,68,704
258,67,704
258,66,704
258,65,704
258,64,704
258,63,116
258,62,116
258,61,116
258,60,704
258,59,704
258,51,702
258,50,702
258,49,360
258,48,360
258,45,360
259,108,156
259,107,156
259,106,156
259,103,156
259,102,156
259,101,156
259,100,156
259,99,156
259,98,156
259,97,156
259,96,156
259,95,156
259,91,156
259,90,156
259,89,156
259,88,156
259,87,156
259,86,156
259,85,156
259,84,156
259,83,156
259,82,156
259,81,156
259,80,156
259,79,156
259,78,156
259,71,704
259,65,704
259,64,704
259,63,704
259,62,704
259,61,704
259,60,704
259,59,704
259,58,704
259,48,360
259,47,360
259,46,360
259,45,360
259,44,360
260,109,156
260,108,156
260,107,156
260,106,156
260,105,156
260,104,156
260,103,156
260,102,156
260,101,156
260,100,156
260,99,156
260,98,156
260,97,156
260,96,156
260,91,156
260,90,156
260,86,156
260,85,156
260,84,156
260,83,156
260,82,156
260,81,156
260,80,156
260,63,704
260,62,704
260,61,704
260,60,704
260,59,704
260,47,360
260,46,360
261,111,156
261,110,156
261,109,156
261,108,156
261,107,156
261,106,156
261,105,156
261,104,156
261,103,156
261,102,156
261,101,156
261,100,156
261,99,156
261,98,156
261,97,156
261,96,156
261,91,156
261,85,156
261,84,156
261,83,156
261,82,156
261,81,156
261,62,704
261,61,704
261,47,360
261,46,360
261,45,360
262,111,156
262,110,156
262,109,156
262,108,156
262,107,156
262,106,156
262,105,156
262,104,156
262,103,156
262,102,156
262,101,156
262,100,156
262,99,156
262,98,156
262,97,156
262,96,156
262,46,360
262,45,360
262,44,360
263,112,156
263,111,156
263,110,156
263,109,156
263,108,156
263,107,156
263,106,156
263,105,156
263,104,156
263,103,156
263,102,156
263,101,156
263,100,156
263,99,156
263,98,156
263,97,156
263,96,156
263,95,156
263,45,360
263,44,360
263,43,360
264,112,156
264,111,156
264,110,156
264,109,156
264,108,156
264,107,156
264,106,156
264,105,156
264,104,156
264,103,156
264,102,156
264,101,156
264,100,156
264,99,156
264,98,156
264,97,156
264,96,156
264,95,156
264,44,360
264,43,360
264,42,360
264,41,360
265,112,156
265,111,156
265,110,156
265,109,156
265,108,156
265,107,156
265,106,156
265,105,156
265,104,156
265,103,156
265,102,156
265,101,156
265,100,156
265,99,156
265,98,156
265,97,156
265,96,156
265,91,158
265,90,158
265,89,158
265,42,360
265,41,360
265,40,360
266,112,156
266,111,156
266,110,156
266,109,156
266,108,156
266,107,156
266,106,156
266,105,156
266,104,156
266,103,156
266,102,156
266,101,156
266,100,156
266,99,156
266,98,156
266,97,156
266,96,156
266,92,158
266,91,158
266,90,158
266,89,158
266,88,158
266,67,344
266,66,344
266,42,360
266,41,360
266,40,360
266,39,360
266,38,360
267,109,156
267,108,156
267,107,156
267,106,156
267,105,156
267,104,156
267,103,156
267,102,156
267,101,156
267,100,156
267,99,156
267,98,156
267,97,156
267,92,158
267,91,158
267,90,158
267,89,158
267,88,158
267,68,344
267,67,344
267,42,360
267,41,360
267,40,360
267,39,360
267,38,360
268,108,156
268,107,156
268,106,156
268,105,156
268,104,156
268,103,156
268,102,156
268,101,156
268,100,156
268,99,156
268,98,156
268,97,156
268,91,158
268,90,158
268,47,360
268,42,360
268,41,360
268,40,360
268,39,360
268,38,360
268,37,360
269,108,156
269,107,156
269,106,156
269,105,156
269,104,156
269,103,156
269,102,156
269,101,156
269,100,156
269,99,156
269,98,156
269,66,608
269,47,360
269,46,360
269,42,360
269,41,360
269,40,360
269,39,360
269,38,360
269,37,360
270,106,156
270,105,156
270,104,156
270,103,156
270,102,156
270,101,156
270,100,156
270,99,156
270,98,408
270,97,408
270,96,408
270,78,392
270,73,608
270,72,608
270,71,608
270,70,608
270,69,608
270,68,608
270,67,608
270,66,608
270,60,608
270,47,360
270,46,360
270,42,360
270,41,360
270,40,360
270,39,360
270,38,360
270,37,360
271,106,156
271,105,156
271,104,156
271,103,156
271,102,156
271,101,156
271,100,156
271,99,156
271,98,408
271,97,408
271,96,408
271,80,392
271,79,392
271,78,392
271,72,608
271,71,608
271,68,608
271,67,608
271,66,608
271,64,608
271,62,608
271,61,608
271,53,458
271,47,360
271,46,360
271,45,360
271,41,360
271,40,360
271,39,360
271,38,360
271,37,360
272,105,156
272,104,156
272,103,156
272,102,156
272,101,156
272,100,408
272,99,408
272,98,408
272,97,408
272,96,408
272,81,392
272,80,392
272,79,392
272,78,392
272,66,608
272,65,608
272,64,608
272,55,458
272,54,458
272,53,458
272,48,360
272,47,360
272,41,360
272,40,360
272,39,360
272,38,360
272,37,360
273,105,156
273,104,156
273,103,156
273,102,156
273,101,408
273,100,408
273,99,408
273,98,408
273,97,408
273,96,408
273,95,410
273,94,410
273,93,410
273,92,410
273,91,410
273,90,410
273,89,410
273,88,410
273,81,392
273,80,392
273,79,392
273,78,392
273,77,392
273,76,392
273,75,392
273,74,392
273,73,392
273,69,608
273,67,608
273,66,608
273,61,608
273,54,458
273,49,360
273,48,360
273,47,360
273,42,360
273,41,360
273,40,360
273,39,360
273,38,360
273,37,360
274,105,156
274,104,156
274,101,408
274,99,408
274,98,408
274,97,408
274,96,408
274,95,410
274,94,410
274,93,410
274,92,410
274,91,410
274,90,410
274,89,410
274,88,410
274,82,392
274,80,392
274,79,392
274,78,392
274,77,392
274,76,392
274,75,392
274,67,608
274,66,608
274,65,608
274,63,608
274,62,608
274,61,608
274,60,608
274,49,360
274,48,360
274,42,360
274,41,360
274,40,360
274,39,360
274,38,360
275,96,410
275,95,410
275,94,410
275,93,410
275,92,410
275,91,410
275,90,410
275,89,410
275,88,410
275,82,392
275,79,392
275,78,392
275,77,392
275,64,608
275,63,608
275,62,608
275,61,608
275,49,360
275,48,360
275,42,360
275,41,360
275,40,360
275,39,360
275,38,360
276,95,410
276,94,410
276,93,410
276,92,410
276,91,410
276,90,410
276,89,410
276,88,410
276,82,392
276,81,392
276,78,392
276,62,608
276,61,608
276,42,360
276,41,360
276,40,360
276,39,360
276,38,360
277,94,410
277,93,410
277,92,410
277,91,410
277,90,410
277,83,392
277,82,392
277,81,392
277,80,392
277,78,392
277,47,360
277,46,360
277,45,360
277,42,360
277,41,360
277,40,360
277,39,360
277,38,360
277,37,360
278,92,410
278,91,410
278,83,392
278,82,392
278,81,392
278,80,392
278,78,392
278,49,360
278,47,360
278,46,360
278,45,360
278,40,360
278,39,360
278,38,360
279,84,392
279,83,392
279,82,392
279,81,392
279,80,392
279,78,392
279,49,360
279,46,360
279,40,360
279,39,360
279,38,360
280,84,392
280,83,392
280,82,392
280,81,392
280,79,392
280,45,360
280,38,360
281,84,392
281,83,392
281,50,360
281,47,360
281,40,360
282,84,392
282,83,392
282,82,392
282,81,392
282,48,360
282,41,360
282,24,36
282,23,36
283,85,392
283,84,392
283,83,392
283,82,392
283,81,392
283,44,360
283,41,360
283,24,36
283,23,36
284,88,392
284,87,392
284,86,392
284,85,392
284,84,392
284,46,360
284,25,36
284,24,36
284,23,36
285,88,392
285,87,392
285,86,392
285,85,392
285,84,392
285,83,392
285,47,360
285,46,360
285,45,360
285,25,36
285,24,36
285,23,36
286,87,392
286,86,392
286,85,392
286,84,392
286,83,392
286,33,626
286,25,36
286,24,36
286,23,36
287,88,392
287,87,392
287,86,392
287,85,392
287,84,392
287,83,392
287,25,36
287,24,36
287,23,36
288,90,392
288,89,392
288,88,392
288,87,392
288,86,392
288,85,392
288,84,392
288,83,392
288,21,554
289,92,392
289,91,392
289,90,392
289,89,392
289,88,392
289,87,392
289,86,392
289,30,598
289,29,598
289,28,598
289,22,554
289,21,554
290,102,392
290,100,392
290,99,392
290,98,392
290,95,392
290,93,392
290,92,392
290,91,392
290,90,392
290,89,392
290,88,392
290,87,392
290,86,392
290,24,554
291,102,392
291,101,392
291,100,392
291,99,392
291,97,392
291,96,392
291,95,392
291,94,392
291,93,392
291,92,392
291,91,392
291,90,392
291,89,392
291,88,392
291,87,392
291,86,392
291,85,392
292,102,392
292,101,392
292,99,392
292,94,392
292,93,392
292,92,392
292,91,392
292,90,392
292,89,392
292,88,392
292,87,392
292,86,392
292,85,392
292,84,392
293,106,392
293,105,392
293,104,392
293,103,392
293,102,392
293,101,392
293,87,392
294,105,392
294,104,392
294,103,392
294,102,392
294,101,392
295,105,392
295,104,392
295,103,392
295,102,392
295,101,392
295,100,392
296,105,392
296,104,392
296,103,392
296,102,392
296,101,392
296,100,392
297,104,392
297,103,392
297,102,392
297,101,392
298,104,392
308,40,242
